-- MySQL dump 10.13  Distrib 8.0.22, for Linux (x86_64)
--
-- Host: localhost    Database: vk
-- ------------------------------------------------------
-- Server version	8.0.22-0ubuntu0.20.04.2

/*!40101 SET @OLD_CHARACTER_SET_CLIENT=@@CHARACTER_SET_CLIENT */;
/*!40101 SET @OLD_CHARACTER_SET_RESULTS=@@CHARACTER_SET_RESULTS */;
/*!40101 SET @OLD_COLLATION_CONNECTION=@@COLLATION_CONNECTION */;
/*!50503 SET NAMES utf8mb4 */;
/*!40103 SET @OLD_TIME_ZONE=@@TIME_ZONE */;
/*!40103 SET TIME_ZONE='+00:00' */;
/*!40014 SET @OLD_UNIQUE_CHECKS=@@UNIQUE_CHECKS, UNIQUE_CHECKS=0 */;
/*!40014 SET @OLD_FOREIGN_KEY_CHECKS=@@FOREIGN_KEY_CHECKS, FOREIGN_KEY_CHECKS=0 */;
/*!40101 SET @OLD_SQL_MODE=@@SQL_MODE, SQL_MODE='NO_AUTO_VALUE_ON_ZERO' */;
/*!40111 SET @OLD_SQL_NOTES=@@SQL_NOTES, SQL_NOTES=0 */;

--
-- Table structure for table `communities`
--

DROP TABLE IF EXISTS `communities`;
/*!40101 SET @saved_cs_client     = @@character_set_client */;
/*!50503 SET character_set_client = utf8mb4 */;
CREATE TABLE `communities` (
  `id` int unsigned NOT NULL AUTO_INCREMENT COMMENT 'Идентификатор сроки',
  `name` varchar(150) CHARACTER SET utf8 COLLATE utf8_unicode_ci NOT NULL COMMENT 'Название группы',
  `created_at` datetime DEFAULT CURRENT_TIMESTAMP COMMENT 'Время создания строки',
  `updated_at` datetime DEFAULT CURRENT_TIMESTAMP ON UPDATE CURRENT_TIMESTAMP COMMENT 'Время обновления строки',
  PRIMARY KEY (`id`),
  UNIQUE KEY `name` (`name`)
) ENGINE=InnoDB AUTO_INCREMENT=101 DEFAULT CHARSET=utf8 COLLATE=utf8_unicode_ci COMMENT='Группы';
/*!40101 SET character_set_client = @saved_cs_client */;

--
-- Dumping data for table `communities`
--

LOCK TABLES `communities` WRITE;
/*!40000 ALTER TABLE `communities` DISABLE KEYS */;
INSERT INTO `communities` VALUES (1,'recusandae','1977-02-25 23:23:10','1983-12-17 14:11:21'),(2,'accusamus','2017-05-04 18:20:09','1999-03-30 10:19:01'),(3,'ut','1993-12-13 06:10:58','2010-06-07 21:17:36'),(4,'ea','1995-11-26 12:58:57','1995-07-08 20:00:13'),(5,'aut','2014-09-12 20:28:15','1974-09-25 15:59:17'),(6,'quia','2015-01-19 04:11:57','2010-12-06 05:13:36'),(7,'vel','2010-08-22 18:27:24','1992-09-05 23:18:14'),(8,'et','1992-02-19 12:00:47','1975-12-31 12:02:41'),(9,'nihil','1981-07-19 01:25:04','1999-07-10 15:22:38'),(10,'natus','1971-10-31 12:06:43','1981-12-20 04:52:04'),(11,'totam','2004-08-26 22:41:42','2015-01-22 19:41:24'),(12,'ullam','1989-11-15 17:27:50','1981-01-15 20:41:26'),(13,'quis','1999-12-21 14:45:56','2017-05-23 17:29:14'),(14,'vitae','1990-11-24 20:07:29','2020-08-14 10:03:18'),(15,'nemo','1998-01-16 21:10:21','2003-11-24 02:27:46'),(16,'vero','1988-06-11 07:47:58','2005-11-25 14:50:00'),(17,'iste','2019-04-09 19:37:59','1975-06-30 17:22:47'),(18,'amet','2008-11-07 10:53:01','1973-05-31 10:33:20'),(19,'qui','1973-01-31 07:35:32','1998-05-28 19:40:34'),(20,'consectetur','1998-05-29 03:49:11','1974-01-20 04:36:20'),(21,'fugiat','2016-01-24 02:48:21','2004-10-04 16:24:52'),(22,'aperiam','2004-08-28 16:30:33','1978-10-11 20:25:30'),(23,'doloremque','2017-05-15 20:37:54','1973-05-19 05:40:22'),(24,'saepe','1985-07-01 01:30:14','2012-08-23 11:09:53'),(25,'id','1992-01-17 04:19:18','2014-02-28 19:49:03'),(26,'necessitatibus','2004-11-03 22:29:21','2001-07-18 05:08:34'),(27,'laboriosam','2010-02-02 17:02:17','2016-05-07 01:00:36'),(28,'rem','1986-11-06 20:48:01','2018-06-16 02:19:17'),(29,'tempore','1985-11-25 23:16:14','2019-02-11 11:19:33'),(30,'laborum','1996-03-02 10:40:13','1992-05-08 00:03:13'),(31,'modi','1995-11-26 07:57:34','2019-01-25 07:07:58'),(32,'minus','1987-03-05 22:47:14','1973-02-03 22:10:01'),(33,'ab','1975-05-26 04:54:32','1998-12-26 20:33:16'),(34,'sint','2008-03-21 07:39:12','2019-03-01 08:50:25'),(35,'placeat','1970-03-07 12:20:22','1991-08-09 00:51:33'),(36,'repellendus','1999-07-16 05:54:20','2003-09-20 17:23:53'),(37,'quidem','2001-07-19 14:22:26','2008-12-21 16:49:20'),(38,'est','1973-12-07 16:03:00','1988-10-16 02:05:50'),(39,'cupiditate','2019-06-16 16:40:25','1978-04-20 05:21:10'),(40,'officia','1973-05-26 11:02:12','1992-02-26 04:24:33'),(41,'ducimus','1997-04-07 08:33:22','2014-05-07 22:45:58'),(42,'consequatur','1995-03-18 09:37:20','2005-01-21 00:01:26'),(43,'nisi','1996-07-05 04:58:36','1973-01-05 09:47:42'),(44,'illo','1979-11-03 08:17:47','1991-07-17 03:39:38'),(45,'non','1990-05-19 00:40:08','2012-06-30 02:43:53'),(46,'minima','1994-10-14 04:31:16','1974-05-13 23:22:28'),(47,'dolorum','1989-12-09 16:01:04','2005-11-11 21:33:42'),(48,'fugit','1981-11-22 23:08:41','1975-01-19 17:01:28'),(49,'quos','2006-04-07 12:58:31','1975-09-07 00:29:14'),(50,'iure','1978-11-25 11:27:15','2006-03-30 02:54:38'),(51,'blanditiis','2004-05-29 02:05:04','1987-06-21 20:50:27'),(52,'accusantium','2020-06-28 09:03:51','1993-09-20 17:23:09'),(53,'enim','2014-03-08 01:53:41','1994-04-12 03:11:05'),(54,'architecto','1977-09-13 13:08:23','1999-01-19 23:09:09'),(55,'velit','1977-12-20 23:42:29','1985-07-31 05:23:42'),(56,'tenetur','2003-12-12 03:34:02','2000-07-05 15:07:56'),(57,'error','2013-01-25 08:56:31','2008-06-07 19:41:10'),(58,'sunt','1977-01-18 12:22:18','1992-04-12 12:28:54'),(59,'quo','1998-06-02 15:59:30','2009-08-26 00:26:43'),(60,'magnam','2012-04-22 13:30:34','1972-09-15 03:35:35'),(61,'deleniti','1993-09-18 15:41:11','1991-02-18 11:44:22'),(62,'in','1998-06-08 02:01:16','1990-02-13 00:35:17'),(63,'aspernatur','1985-02-16 23:49:02','1978-03-24 21:55:27'),(64,'voluptate','1998-06-09 10:05:09','1992-06-02 05:36:06'),(65,'veniam','1986-02-19 22:47:55','2016-11-08 03:53:28'),(66,'quam','1983-12-21 18:51:38','2012-09-06 09:37:55'),(67,'rerum','2015-02-14 11:38:15','2008-12-12 18:18:06'),(68,'at','1991-10-17 15:34:43','2006-07-28 01:26:06'),(69,'ipsam','2012-04-12 01:00:59','1997-02-12 05:32:46'),(70,'voluptatibus','2014-06-03 09:11:08','1996-10-31 03:36:12'),(71,'nobis','2014-11-24 09:12:19','1986-06-27 19:17:07'),(72,'beatae','1995-05-09 18:04:31','1971-05-19 14:01:55'),(73,'illum','1998-01-07 05:57:00','1986-11-23 21:24:15'),(74,'odit','1978-06-19 19:09:53','1992-09-26 23:29:01'),(75,'impedit','2019-02-12 12:32:44','1980-06-20 00:51:37'),(76,'asperiores','2005-01-29 23:15:05','1971-03-10 13:39:11'),(77,'sequi','1985-08-31 06:58:26','1976-07-29 15:04:02'),(78,'incidunt','2013-02-26 09:41:35','1972-08-24 08:21:43'),(79,'aliquid','2014-05-15 03:12:29','2019-09-26 02:07:07'),(80,'adipisci','1971-02-09 03:48:32','2018-02-21 22:57:00'),(81,'numquam','2007-12-02 11:21:59','1977-10-06 01:35:23'),(82,'doloribus','1988-06-09 13:55:41','2008-04-01 05:05:45'),(83,'quae','1999-01-03 04:37:55','2006-11-10 12:38:04'),(84,'dicta','1986-06-07 07:55:12','1990-09-24 21:49:06'),(85,'provident','1990-05-17 14:39:07','2004-09-11 15:28:00'),(86,'mollitia','2014-04-10 22:57:32','1990-04-10 10:34:12'),(87,'nulla','1975-05-26 16:47:44','2014-06-29 02:18:50'),(88,'inventore','1986-02-14 03:07:32','1981-01-24 21:00:33'),(89,'temporibus','1978-05-21 20:51:01','2004-05-02 04:05:25'),(90,'esse','2001-06-09 10:23:04','1985-12-19 23:49:23'),(91,'commodi','1985-06-26 16:12:46','2015-07-11 07:59:06'),(92,'eos','1984-06-03 03:06:22','2018-06-04 01:10:29'),(93,'fuga','2017-06-06 17:16:56','2017-11-30 23:32:35'),(94,'atque','1997-12-10 15:52:46','1987-09-27 19:29:00'),(95,'nam','2005-02-26 14:28:24','1988-05-07 11:15:36'),(96,'expedita','1990-12-27 11:06:57','1990-09-01 15:26:09'),(97,'dolores','1990-05-15 04:36:32','1997-09-15 22:27:59'),(98,'a','2001-04-17 23:56:26','2002-10-20 02:23:01'),(99,'assumenda','2020-10-13 20:24:56','1998-12-13 13:52:10'),(100,'sed','2012-07-18 06:16:20','2003-03-07 11:18:57');
/*!40000 ALTER TABLE `communities` ENABLE KEYS */;
UNLOCK TABLES;

--
-- Table structure for table `communities_users`
--

DROP TABLE IF EXISTS `communities_users`;
/*!40101 SET @saved_cs_client     = @@character_set_client */;
/*!50503 SET character_set_client = utf8mb4 */;
CREATE TABLE `communities_users` (
  `community_id` int unsigned NOT NULL COMMENT 'Ссылка на группу',
  `user_id` int unsigned NOT NULL COMMENT 'Ссылка на пользователя',
  `created_at` datetime DEFAULT CURRENT_TIMESTAMP COMMENT 'Время создания строки',
  PRIMARY KEY (`community_id`,`user_id`) COMMENT 'Составной первичный ключ'
) ENGINE=InnoDB DEFAULT CHARSET=utf8 COLLATE=utf8_unicode_ci COMMENT='Участники групп, связь между пользователями и группами';
/*!40101 SET character_set_client = @saved_cs_client */;

--
-- Dumping data for table `communities_users`
--

LOCK TABLES `communities_users` WRITE;
/*!40000 ALTER TABLE `communities_users` DISABLE KEYS */;
INSERT INTO `communities_users` VALUES (1,1,'2002-11-08 19:18:34'),(2,2,'1976-09-05 05:52:56'),(3,3,'2010-01-18 14:48:57'),(4,4,'2007-08-28 14:00:13'),(5,5,'2011-04-30 21:10:07'),(6,6,'2017-08-13 20:39:51'),(7,7,'1979-06-14 07:14:58'),(8,8,'1993-06-17 02:54:52'),(9,9,'2020-01-13 16:26:43'),(10,10,'2010-09-11 09:39:41'),(11,11,'1991-08-20 02:08:02'),(12,12,'1984-09-07 04:44:42'),(13,13,'2018-07-31 03:42:33'),(14,14,'1985-09-22 02:20:48'),(15,15,'2002-03-02 08:03:48'),(16,16,'1982-09-14 16:06:06'),(17,17,'1984-12-14 12:08:03'),(18,18,'1995-03-05 08:44:22'),(19,19,'1973-10-05 18:22:31'),(20,20,'1979-07-27 03:38:04'),(21,21,'2009-01-28 16:43:01'),(22,22,'2004-01-31 19:22:53'),(23,23,'1972-03-23 13:57:15'),(24,24,'2015-07-23 21:32:17'),(25,25,'1997-03-30 13:35:28'),(26,26,'1982-08-26 06:57:10'),(27,27,'1974-05-14 05:32:40'),(28,28,'1984-02-19 18:09:15'),(29,29,'1994-01-21 14:08:48'),(30,30,'1973-05-10 03:24:32'),(31,31,'1999-11-18 14:49:24'),(32,32,'2019-03-24 03:46:20'),(33,33,'1996-03-12 11:50:41'),(34,34,'2009-11-30 20:31:37'),(35,35,'1983-08-30 16:40:16'),(36,36,'1977-10-04 01:15:41'),(37,37,'1978-01-25 04:07:04'),(38,38,'1995-12-04 06:13:28'),(39,39,'1992-08-21 11:12:48'),(40,40,'2004-06-14 22:53:45'),(41,41,'2010-01-28 13:51:48'),(42,42,'2015-04-03 10:26:46'),(43,43,'2000-03-24 03:21:04'),(44,44,'2002-11-22 02:32:35'),(45,45,'2020-04-02 03:01:32'),(46,46,'2017-04-05 16:32:30'),(47,47,'2011-02-27 22:29:00'),(48,48,'1989-12-20 03:25:32'),(49,49,'1970-05-18 06:36:31'),(50,50,'2016-06-25 13:06:29'),(51,51,'2011-06-05 01:17:30'),(52,52,'2020-07-29 13:35:21'),(53,53,'1988-11-27 14:47:54'),(54,54,'1986-03-16 20:58:51'),(55,55,'2006-04-16 09:05:10'),(56,56,'2001-07-16 01:16:24'),(57,57,'2002-11-06 15:33:05'),(58,58,'2001-02-17 08:20:02'),(59,59,'1981-04-19 11:43:57'),(60,60,'2009-04-22 17:25:15'),(61,61,'1984-02-06 05:09:24'),(62,62,'1977-03-17 01:23:07'),(63,63,'1984-10-14 01:49:50'),(64,64,'2001-09-24 16:02:25'),(65,65,'2003-12-25 12:44:43'),(66,66,'2007-02-06 06:10:31'),(67,67,'1991-12-27 09:33:41'),(68,68,'1980-11-09 14:58:36'),(69,69,'2017-05-20 14:07:52'),(70,70,'2016-04-16 04:23:01'),(71,71,'1987-06-17 18:38:32'),(72,72,'2019-03-19 04:37:13'),(73,73,'1982-05-10 08:16:51'),(74,74,'1978-12-12 22:37:21'),(75,75,'2000-11-17 21:46:43'),(76,76,'2016-12-02 11:32:12'),(77,77,'2016-06-23 11:11:54'),(78,78,'2008-10-10 19:10:37'),(79,79,'2000-03-27 00:15:47'),(80,80,'2016-03-27 16:46:51'),(81,81,'1998-01-13 05:25:10'),(82,82,'1976-12-12 05:53:00'),(83,83,'2003-04-07 00:34:56'),(84,84,'1993-08-08 07:36:21'),(85,85,'1992-12-19 10:55:23'),(86,86,'2010-04-22 09:22:51'),(87,87,'1995-10-30 07:40:17'),(88,88,'1995-03-21 13:44:17'),(89,89,'2013-09-25 12:42:46'),(90,90,'1998-09-24 23:54:14'),(91,91,'2009-08-24 12:15:18'),(92,92,'1999-07-14 10:15:35'),(93,93,'1989-07-04 05:05:57'),(94,94,'1994-07-29 03:56:25'),(95,95,'1997-04-22 16:23:14'),(96,96,'1987-04-04 09:50:32'),(97,97,'2014-12-05 12:46:26'),(98,98,'1997-11-30 16:56:45'),(99,99,'2019-02-13 07:59:12'),(100,100,'2005-12-03 10:16:50');
/*!40000 ALTER TABLE `communities_users` ENABLE KEYS */;
UNLOCK TABLES;

--
-- Table structure for table `friendship`
--

DROP TABLE IF EXISTS `friendship`;
/*!40101 SET @saved_cs_client     = @@character_set_client */;
/*!50503 SET character_set_client = utf8mb4 */;
CREATE TABLE `friendship` (
  `user_id` int unsigned NOT NULL COMMENT 'Ссылка на инициатора дружеских отношений',
  `friend_id` int unsigned NOT NULL COMMENT 'Ссылка на получателя приглашения дружить',
  `status_id` int unsigned NOT NULL COMMENT 'Ссылка на статус (текущее состояние) отношений',
  `requested_at` datetime DEFAULT CURRENT_TIMESTAMP COMMENT 'Время отправления приглашения дружить',
  `confirmed_at` datetime DEFAULT NULL COMMENT 'Время подтверждения приглашения',
  `created_at` datetime DEFAULT CURRENT_TIMESTAMP COMMENT 'Время создания строки',
  `updated_at` datetime DEFAULT CURRENT_TIMESTAMP ON UPDATE CURRENT_TIMESTAMP COMMENT 'Время обновления строки',
  PRIMARY KEY (`user_id`,`friend_id`) COMMENT 'Составной первичный ключ'
) ENGINE=InnoDB DEFAULT CHARSET=utf8 COLLATE=utf8_unicode_ci COMMENT='Таблица дружбы';
/*!40101 SET character_set_client = @saved_cs_client */;

--
-- Dumping data for table `friendship`
--

LOCK TABLES `friendship` WRITE;
/*!40000 ALTER TABLE `friendship` DISABLE KEYS */;
INSERT INTO `friendship` VALUES (1,1,1,'1979-01-03 12:28:05','1988-01-23 18:40:04','1985-06-10 14:24:47','1978-02-14 04:13:39'),(2,2,2,'1991-05-03 11:56:42','1971-05-18 01:58:08','1995-08-05 02:56:08','2008-03-22 13:13:04'),(3,3,3,'1975-08-01 00:21:50','2009-08-09 22:41:21','1997-10-01 03:25:38','2013-11-07 04:26:40'),(4,4,4,'2009-08-23 07:16:24','1983-10-28 21:07:02','1992-12-10 17:03:09','1999-11-11 22:45:05'),(5,5,5,'1978-02-21 09:50:46','1972-08-07 19:44:37','2014-03-06 01:54:27','1977-08-23 01:38:18'),(6,6,6,'1980-09-10 07:14:33','1981-04-03 03:13:55','2002-09-23 20:06:22','1974-10-10 21:27:40'),(7,7,7,'1978-05-28 02:43:44','1999-11-09 10:49:05','2017-09-16 21:44:59','2000-11-25 20:33:46'),(8,8,8,'2013-09-22 05:18:12','2009-08-05 09:17:08','1970-09-12 19:12:17','1979-09-20 20:16:48'),(9,9,9,'1992-02-09 20:02:48','1991-12-11 00:11:48','1970-09-04 07:47:53','1987-12-18 22:38:15'),(10,10,10,'2008-12-05 19:31:04','1984-07-15 07:48:44','1987-04-03 08:43:48','1985-07-24 17:37:43'),(11,11,11,'1981-09-07 14:23:08','2011-03-31 07:26:12','2019-08-18 09:31:42','2010-05-05 11:45:50'),(12,12,12,'2011-07-31 11:08:24','1977-02-15 04:29:59','1986-02-17 09:06:49','2015-04-18 17:40:18'),(13,13,13,'2018-02-28 22:42:13','2011-12-30 22:23:32','2002-06-15 23:44:00','2006-12-04 10:19:27'),(14,14,14,'2018-08-27 12:41:07','2010-06-25 00:57:38','1970-01-28 16:13:09','1987-02-06 06:46:53'),(15,15,15,'1995-09-08 09:41:07','1993-04-08 18:40:01','1996-11-09 09:45:43','2006-02-18 01:15:40'),(16,16,16,'2008-04-10 23:10:35','2003-07-25 06:19:57','1972-09-03 04:50:09','1982-06-04 23:52:17'),(17,17,17,'1970-07-07 21:06:33','1975-01-04 10:29:11','1976-06-17 11:51:42','2015-07-20 09:03:34'),(18,18,18,'2005-03-23 08:53:09','1986-02-22 06:02:54','2012-06-26 05:19:13','2014-06-03 16:51:43'),(19,19,19,'1985-09-08 07:45:02','1993-01-05 12:13:38','1981-02-26 13:16:26','1980-04-10 00:10:29'),(20,20,20,'1990-06-30 12:08:36','1989-01-12 20:50:47','1982-11-03 22:38:43','2005-11-16 15:29:13'),(21,21,21,'1980-03-23 03:52:36','2013-12-12 06:09:52','1973-06-24 11:12:04','1984-03-25 14:08:46'),(22,22,22,'1992-05-20 20:03:21','2002-01-04 05:12:13','1983-03-23 05:54:52','1991-12-23 12:37:57'),(23,23,23,'2007-11-24 10:18:35','1982-07-21 20:32:53','1984-05-21 15:02:44','1992-06-14 20:30:06'),(24,24,24,'2019-10-07 07:12:58','1995-12-25 23:49:10','2020-11-04 14:01:48','1982-06-11 10:41:12'),(25,25,25,'2011-07-04 01:42:34','2000-02-09 16:04:46','2000-07-13 09:20:28','2015-06-02 04:59:26'),(26,26,26,'1978-05-15 22:45:17','2001-02-09 13:33:23','1992-01-09 21:03:43','1991-05-13 17:53:54'),(27,27,27,'2000-01-06 12:42:58','2006-05-18 10:48:07','2010-01-14 23:27:14','1998-10-02 18:21:11'),(28,28,28,'1989-08-20 04:40:54','2012-08-24 09:46:52','1985-03-22 20:02:44','2010-03-06 06:27:25'),(29,29,29,'2019-03-09 01:59:41','1994-01-09 22:02:09','1982-05-03 07:16:06','1994-07-17 01:57:47'),(30,30,30,'2011-04-19 15:12:31','2007-10-12 20:09:01','1976-10-16 06:59:47','2011-03-30 16:38:56'),(31,31,31,'1971-08-05 12:45:26','1983-08-04 00:22:54','1996-02-13 20:35:21','1995-11-24 22:22:03'),(32,32,32,'1985-01-15 12:56:08','2011-06-20 22:07:08','2017-01-05 12:09:36','1982-01-31 01:11:01'),(33,33,33,'1976-04-17 05:00:10','1978-09-05 12:41:10','1979-10-07 18:47:28','1974-11-11 15:16:58'),(34,34,34,'1987-12-29 00:35:07','1988-10-31 07:38:51','2016-02-20 17:11:39','2019-07-19 23:59:18'),(35,35,35,'1997-01-14 17:19:24','1981-11-05 23:09:17','1994-05-22 20:40:24','1989-01-18 09:25:32'),(36,36,36,'1988-06-23 13:54:54','2010-01-14 07:32:35','1975-09-25 11:31:45','2020-09-18 01:17:55'),(37,37,37,'2017-08-06 08:45:36','2012-09-06 07:07:51','1994-04-28 23:56:13','2018-04-24 12:14:52'),(38,38,38,'1970-10-03 23:49:41','2012-01-31 17:53:40','1989-04-14 19:26:47','1970-09-11 14:50:47'),(39,39,39,'1994-01-07 14:49:11','2016-06-13 06:37:09','2015-07-31 08:40:48','1994-04-14 14:25:39'),(40,40,40,'2002-08-15 06:01:50','1970-09-24 22:35:00','2001-08-27 00:18:36','1989-05-11 13:54:42'),(41,41,41,'2013-12-17 05:33:38','1981-09-30 20:42:38','2010-04-12 01:36:19','2006-02-08 16:27:00'),(42,42,42,'1988-07-17 12:21:52','2014-02-24 08:06:06','1985-07-12 23:33:37','2004-02-04 20:25:01'),(43,43,43,'1992-06-22 07:21:31','1977-11-23 07:45:29','2007-10-15 18:25:05','2017-05-28 08:39:41'),(44,44,44,'1992-01-28 03:49:08','1986-10-18 23:32:02','2002-04-19 23:00:07','2016-09-13 22:57:49'),(45,45,45,'2018-07-27 01:16:58','2000-02-22 15:42:17','2008-05-16 02:47:42','2017-04-21 18:54:42'),(46,46,46,'1974-12-10 01:03:15','1994-01-14 18:33:29','2016-08-15 02:54:33','1993-10-20 10:01:29'),(47,47,47,'1995-03-28 03:50:33','2002-07-06 01:59:57','2013-06-19 13:43:39','2013-10-09 23:17:43'),(48,48,48,'2008-06-04 07:05:16','2004-04-03 12:31:07','1974-08-23 05:58:27','2004-06-26 11:28:53'),(49,49,49,'2017-12-04 00:21:15','1996-11-13 11:49:30','2006-05-11 11:32:08','1982-12-08 15:11:47'),(50,50,50,'1975-04-22 06:12:27','1988-08-06 05:01:15','1970-01-03 06:57:18','2012-02-15 00:25:15'),(51,51,51,'1978-04-25 20:09:28','1999-09-10 05:43:49','2009-08-30 19:21:20','2006-04-07 12:17:33'),(52,52,52,'1979-01-27 01:21:24','2014-11-24 02:16:30','1973-10-08 14:12:56','1987-05-11 23:44:10'),(53,53,53,'1980-11-10 11:08:23','1992-06-01 05:56:52','2003-02-03 06:04:14','1977-11-17 21:40:49'),(54,54,54,'2006-11-18 10:31:25','1980-11-08 12:56:50','2010-08-13 20:18:45','2002-01-29 14:01:25'),(55,55,55,'2000-10-26 14:02:06','1996-08-12 06:59:47','1999-01-28 22:12:26','2018-10-22 21:25:24'),(56,56,56,'1971-02-02 06:58:50','1984-05-20 14:37:14','2014-05-23 02:53:33','1973-05-13 01:39:57'),(57,57,57,'2013-11-25 09:59:45','2004-07-24 07:51:39','2003-02-28 06:35:01','2011-04-10 11:59:03'),(58,58,58,'1999-09-29 03:47:13','1988-12-21 03:23:05','1985-09-24 16:33:06','1998-08-28 18:25:11'),(59,59,59,'1985-10-13 03:03:07','1977-11-27 13:56:13','1972-05-20 17:34:34','2011-02-19 01:40:28'),(60,60,60,'2011-04-07 15:22:29','2018-11-17 22:00:32','1997-03-01 11:57:42','1993-12-12 12:37:49'),(61,61,61,'1978-08-28 08:23:34','1988-06-06 10:23:26','2003-01-03 07:59:28','2002-01-03 03:27:31'),(62,62,62,'2006-02-17 05:10:57','2005-09-11 01:47:05','2017-07-11 09:58:10','2002-08-04 21:42:40'),(63,63,63,'1977-03-21 14:46:02','2019-12-02 05:14:06','2008-08-13 17:24:08','1972-12-29 22:55:06'),(64,64,64,'2002-04-06 14:23:29','1997-04-04 18:20:29','1986-11-22 05:46:24','2008-08-01 18:37:57'),(65,65,65,'1978-03-13 14:26:14','2000-02-12 01:10:03','2017-05-30 19:00:22','2015-04-04 01:29:43'),(66,66,66,'2017-04-20 09:03:33','1981-12-11 19:16:43','1990-12-04 02:53:13','2001-08-22 16:20:09'),(67,67,67,'2001-02-26 16:45:03','1977-12-04 22:32:47','2001-07-25 10:34:16','1986-03-17 23:52:00'),(68,68,68,'1984-05-12 01:03:49','2020-02-12 10:08:00','1976-04-05 15:59:20','2003-08-11 10:40:45'),(69,69,69,'1982-02-28 20:30:44','2003-07-23 03:23:17','1998-06-07 10:24:44','1979-06-03 02:03:08'),(70,70,70,'1974-07-10 22:39:06','2000-04-15 18:50:00','2006-10-06 18:01:40','1990-02-13 07:23:08'),(71,71,71,'2008-09-21 05:14:57','1997-04-12 12:11:33','1986-11-10 09:29:21','1976-07-17 06:17:14'),(72,72,72,'2011-12-04 06:49:34','2016-12-14 18:21:20','1970-03-12 21:03:10','1989-05-17 03:54:52'),(73,73,73,'1977-04-05 04:02:07','1993-11-28 21:23:15','1989-12-14 23:35:55','2011-11-27 01:48:58'),(74,74,74,'1975-12-21 02:14:01','1998-01-05 02:41:33','1998-03-01 10:44:53','2007-07-09 08:30:49'),(75,75,75,'1975-03-27 18:54:11','1991-12-31 01:49:45','2006-06-14 01:47:08','2006-12-25 21:19:16'),(76,76,76,'2009-01-21 21:51:56','1980-03-29 20:42:10','2004-02-22 23:02:03','1977-03-21 21:16:43'),(77,77,77,'1994-02-15 07:03:09','1984-03-14 09:06:31','1994-11-22 23:01:48','2012-04-19 06:33:56'),(78,78,78,'1985-03-30 14:46:44','1992-03-14 14:31:41','2008-04-06 18:29:50','2014-06-28 02:21:55'),(79,79,79,'2011-07-06 08:33:46','1999-05-28 06:38:46','1971-02-20 07:47:53','1977-03-24 03:28:11'),(80,80,80,'1996-11-30 22:56:07','1994-11-03 16:12:05','1990-04-22 00:12:09','2012-12-14 20:15:06'),(81,81,81,'2007-08-14 03:39:30','1973-10-09 13:54:45','2009-01-06 00:53:58','2019-11-12 12:42:45'),(82,82,82,'1974-11-09 16:50:01','2010-02-12 04:21:50','2009-12-06 23:17:41','2014-03-11 06:11:22'),(83,83,83,'1976-02-16 16:35:21','2004-11-16 21:40:37','2018-04-09 07:12:47','2013-03-06 04:40:42'),(84,84,84,'2005-03-24 12:38:50','1980-12-19 10:02:08','2019-12-01 20:02:17','2011-02-15 14:08:41'),(85,85,85,'2006-09-30 17:21:27','1981-10-17 09:53:55','2013-12-20 02:09:30','2007-12-09 11:32:13'),(86,86,86,'2013-03-12 07:15:50','1990-04-14 16:49:07','2000-12-26 00:07:01','2009-09-03 07:08:48'),(87,87,87,'2005-01-17 11:58:02','1974-02-07 07:04:35','2003-07-05 22:25:18','1997-07-12 15:53:46'),(88,88,88,'1989-06-03 02:07:05','2017-12-05 12:03:01','1995-09-14 17:30:55','2002-11-29 12:23:51'),(89,89,89,'1977-09-01 10:18:48','2018-02-23 01:54:29','1985-08-10 01:37:06','2012-09-01 13:42:09'),(90,90,90,'1987-04-01 23:36:02','1971-09-01 14:09:41','2012-05-02 22:30:57','1984-06-09 06:58:18'),(91,91,91,'1977-09-19 04:21:01','2002-10-28 14:34:07','1980-09-14 06:13:05','1971-09-01 09:55:25'),(92,92,92,'2014-06-09 05:08:40','1977-01-02 17:27:01','1988-10-08 16:19:08','1990-11-26 13:02:37'),(93,93,93,'2016-05-20 12:14:10','1981-02-08 05:28:13','1990-06-13 17:14:36','2003-03-02 16:39:06'),(94,94,94,'1979-05-21 08:51:35','2019-06-08 15:26:23','1982-06-08 15:51:17','1983-08-08 10:18:00'),(95,95,95,'1985-09-03 18:17:50','2020-06-18 05:03:48','1995-02-09 00:20:06','2012-08-21 22:48:34'),(96,96,96,'2016-06-05 03:20:31','1993-03-22 05:42:22','1972-09-15 19:12:19','1977-05-07 06:06:40'),(97,97,97,'1990-10-06 04:51:03','1972-11-21 22:03:35','2003-08-14 21:21:55','2011-05-01 19:14:08'),(98,98,98,'1988-04-26 19:29:48','2002-08-28 04:25:53','1984-12-04 02:36:48','2014-06-17 09:29:00'),(99,99,99,'1991-03-28 23:59:46','1978-07-09 13:14:43','2005-11-14 13:05:44','2002-11-30 14:31:17'),(100,100,100,'1977-05-10 00:43:39','2016-04-03 15:44:18','2020-07-10 20:27:27','2000-08-28 11:37:51');
/*!40000 ALTER TABLE `friendship` ENABLE KEYS */;
UNLOCK TABLES;

--
-- Table structure for table `friendship_statuses`
--

DROP TABLE IF EXISTS `friendship_statuses`;
/*!40101 SET @saved_cs_client     = @@character_set_client */;
/*!50503 SET character_set_client = utf8mb4 */;
CREATE TABLE `friendship_statuses` (
  `id` int unsigned NOT NULL AUTO_INCREMENT COMMENT 'Идентификатор строки',
  `name` varchar(150) CHARACTER SET utf8 COLLATE utf8_unicode_ci NOT NULL COMMENT 'Название статуса',
  `created_at` datetime DEFAULT CURRENT_TIMESTAMP COMMENT 'Время создания строки',
  `updated_at` datetime DEFAULT CURRENT_TIMESTAMP ON UPDATE CURRENT_TIMESTAMP COMMENT 'Время обновления строки',
  PRIMARY KEY (`id`),
  UNIQUE KEY `name` (`name`)
) ENGINE=InnoDB AUTO_INCREMENT=101 DEFAULT CHARSET=utf8 COLLATE=utf8_unicode_ci COMMENT='Статусы дружбы';
/*!40101 SET character_set_client = @saved_cs_client */;

--
-- Dumping data for table `friendship_statuses`
--

LOCK TABLES `friendship_statuses` WRITE;
/*!40000 ALTER TABLE `friendship_statuses` DISABLE KEYS */;
INSERT INTO `friendship_statuses` VALUES (1,'omnis','1994-02-15 22:28:39','2004-07-29 15:23:28'),(2,'atque','1987-10-26 10:00:54','1999-05-20 04:44:56'),(3,'et','1970-06-15 04:10:42','2000-02-05 00:47:41'),(4,'molestiae','1971-01-28 15:20:03','2002-05-04 15:52:01'),(5,'sit','1991-05-26 23:39:19','2011-06-02 11:23:31'),(6,'nobis','1980-02-26 19:11:32','1981-05-14 11:12:27'),(7,'commodi','1992-01-27 17:40:56','2003-07-09 17:12:26'),(8,'vero','2005-08-05 23:53:22','1986-09-21 20:59:22'),(9,'sed','2002-12-25 15:52:20','1988-09-26 21:13:32'),(10,'explicabo','2011-09-06 16:52:13','2017-07-27 11:00:14'),(11,'aut','1973-09-09 15:53:35','1970-04-26 20:06:02'),(12,'consectetur','1995-04-25 17:10:19','1988-10-20 08:03:08'),(13,'ipsum','1994-05-13 05:16:39','1990-11-07 06:50:16'),(14,'reiciendis','2020-01-28 22:54:24','1987-07-07 10:37:47'),(15,'velit','2011-06-30 10:52:19','1986-09-14 20:02:44'),(16,'veniam','1971-07-03 18:24:01','2009-05-24 02:34:58'),(17,'illo','2018-04-15 14:27:53','2009-06-26 20:52:18'),(18,'maxime','2004-01-23 05:05:34','2003-08-06 16:13:40'),(19,'quia','1979-05-14 04:37:48','2008-11-20 20:49:09'),(20,'doloremque','1988-11-04 04:51:50','2019-06-02 00:29:46'),(21,'accusantium','2010-04-05 01:02:10','1993-04-11 01:01:32'),(22,'est','2018-12-12 13:52:22','1996-05-13 00:00:43'),(23,'pariatur','1976-09-20 08:05:02','1991-12-03 22:48:17'),(24,'nostrum','2013-02-15 06:36:21','1979-11-27 15:23:01'),(25,'quaerat','1983-10-12 14:47:26','1976-10-01 20:32:04'),(26,'culpa','2010-07-25 08:47:16','1981-01-12 22:22:46'),(27,'nemo','2016-04-15 15:48:48','1975-05-29 19:40:21'),(28,'labore','2020-01-14 06:53:51','1996-03-02 23:44:48'),(29,'fugit','2016-07-18 21:35:12','2002-03-18 01:12:55'),(30,'qui','1990-12-04 18:03:40','2017-04-30 18:30:43'),(31,'ullam','2009-03-18 06:24:18','1992-05-18 06:31:49'),(32,'ut','1970-09-10 22:55:53','1985-02-18 02:15:45'),(33,'eum','2013-05-21 03:15:45','2000-05-19 15:37:48'),(34,'totam','2014-02-23 14:37:41','2007-08-30 11:43:05'),(35,'beatae','1987-02-21 06:35:18','1977-03-27 23:47:21'),(36,'cum','2011-09-05 21:08:26','1973-06-19 11:01:19'),(37,'tempora','1985-09-10 17:57:02','1977-05-30 23:53:10'),(38,'doloribus','1998-01-12 11:55:11','2001-10-03 17:25:45'),(39,'voluptas','2007-11-19 13:12:10','2010-11-22 21:15:53'),(40,'harum','1981-02-05 16:03:51','1982-01-24 06:51:09'),(41,'deserunt','1979-05-20 09:38:50','2013-02-24 09:00:42'),(42,'ad','2018-12-26 23:26:57','1989-12-12 22:50:58'),(43,'autem','1983-09-05 22:09:33','2008-08-23 15:51:29'),(44,'non','2011-02-15 05:07:07','1970-05-19 04:51:19'),(45,'quisquam','2002-07-09 23:30:42','2005-06-18 16:52:38'),(46,'eveniet','1982-02-03 09:46:24','2008-02-22 09:58:38'),(47,'dolores','1994-03-13 16:28:02','1972-09-20 09:29:00'),(48,'distinctio','1975-10-22 10:55:51','1986-10-02 06:19:59'),(49,'voluptatum','2013-01-18 21:58:47','1981-11-08 03:52:31'),(50,'provident','2019-03-17 17:30:40','2015-02-07 20:44:00'),(51,'nesciunt','1993-07-21 04:14:10','2018-12-10 22:35:20'),(52,'in','1999-02-15 00:38:38','2002-04-19 08:03:03'),(53,'a','2001-05-02 00:32:21','2012-10-22 14:33:11'),(54,'magnam','1987-10-31 07:50:19','1991-02-05 13:27:35'),(55,'aliquam','2011-11-18 04:48:17','1974-02-22 14:50:37'),(56,'unde','1997-06-21 06:32:48','1974-10-08 08:26:41'),(57,'dicta','2014-12-23 13:52:09','1990-11-09 09:50:42'),(58,'aperiam','1987-09-05 02:37:27','2004-11-24 03:57:24'),(59,'reprehenderit','2016-11-10 12:18:37','2006-12-09 11:25:05'),(60,'rerum','1992-10-07 00:57:14','2007-01-07 18:16:51'),(61,'neque','2016-12-14 07:48:36','1989-01-06 14:04:37'),(62,'esse','2015-12-09 02:39:50','1978-01-11 02:11:09'),(63,'alias','2008-03-06 02:17:30','2001-04-12 20:14:37'),(64,'dolore','2013-03-18 02:55:55','2000-05-18 02:42:04'),(65,'mollitia','2001-03-17 15:54:32','1994-02-20 21:49:30'),(66,'nisi','1985-10-25 13:41:41','1981-06-29 07:45:44'),(67,'libero','1977-12-04 02:35:50','1981-08-12 17:59:49'),(68,'eos','2015-07-04 15:57:05','1993-01-18 20:51:49'),(69,'incidunt','1994-04-23 21:44:09','1985-12-30 20:34:12'),(70,'dolor','1990-11-20 23:57:28','2003-11-15 15:55:06'),(71,'fuga','2015-09-23 01:03:28','2009-01-30 02:15:03'),(72,'fugiat','1984-08-30 17:35:00','1997-06-29 14:46:18'),(73,'officiis','2001-02-14 17:58:31','1976-06-14 10:47:48'),(74,'itaque','2010-07-06 18:39:29','2000-01-06 11:53:10'),(75,'recusandae','1985-01-08 08:42:22','2011-11-12 21:05:17'),(76,'animi','2007-09-19 06:17:48','2006-06-03 19:26:59'),(77,'sunt','2007-10-31 06:25:24','1993-06-22 20:20:06'),(78,'quae','1977-03-05 23:38:05','1994-03-25 05:27:36'),(79,'ea','1994-10-05 00:27:00','2000-07-15 08:42:07'),(80,'porro','2009-11-26 11:56:07','1995-10-25 12:44:49'),(81,'at','1986-03-10 20:32:35','2002-11-24 18:05:33'),(82,'delectus','1973-05-04 00:23:59','1978-06-16 04:50:21'),(83,'iure','1982-06-20 12:07:47','2014-10-18 06:15:05'),(84,'nihil','2008-07-18 13:42:25','2008-08-16 22:32:32'),(85,'quos','2006-02-18 23:45:17','2013-03-28 12:41:36'),(86,'asperiores','2007-03-27 07:02:34','2008-05-21 12:58:44'),(87,'aliquid','2019-06-28 15:06:11','2015-02-10 11:03:41'),(88,'impedit','1981-09-13 02:18:55','2002-06-18 02:33:54'),(89,'id','1991-12-29 17:25:38','1981-01-28 00:28:37'),(90,'suscipit','1973-08-14 06:26:32','1983-02-27 05:25:43'),(91,'architecto','2002-05-09 18:20:04','2012-10-02 22:57:19'),(92,'iusto','1971-05-01 20:21:14','2001-09-06 08:45:37'),(93,'sapiente','1974-01-31 20:28:09','1979-07-05 17:40:27'),(94,'iste','2017-10-18 12:43:02','2016-07-07 03:21:15'),(95,'enim','2020-03-06 01:58:23','1976-09-24 08:08:12'),(96,'quibusdam','2010-07-30 03:35:33','1981-05-27 02:44:02'),(97,'error','1972-03-19 04:25:35','2006-05-08 14:41:08'),(98,'repellendus','1982-04-10 12:58:40','1981-12-04 00:44:32'),(99,'quasi','2014-01-06 09:14:39','1996-01-15 13:13:25'),(100,'perspiciatis','1989-03-28 03:33:08','2017-02-23 03:49:46');
/*!40000 ALTER TABLE `friendship_statuses` ENABLE KEYS */;
UNLOCK TABLES;

--
-- Table structure for table `media`
--

DROP TABLE IF EXISTS `media`;
/*!40101 SET @saved_cs_client     = @@character_set_client */;
/*!50503 SET character_set_client = utf8mb4 */;
CREATE TABLE `media` (
  `id` int unsigned NOT NULL AUTO_INCREMENT COMMENT 'Идентификатор строки',
  `user_id` int unsigned NOT NULL COMMENT 'Ссылка на пользователя, который загрузил файл',
  `filename` varchar(255) CHARACTER SET utf8 COLLATE utf8_unicode_ci NOT NULL COMMENT 'Путь к файлу',
  `size` int NOT NULL COMMENT 'Размер файла',
  `metadata` longtext CHARACTER SET utf8mb4 COLLATE utf8mb4_bin COMMENT 'Метаданные файла',
  `media_type_id` int unsigned NOT NULL COMMENT 'Ссылка на тип контента',
  `created_at` datetime DEFAULT CURRENT_TIMESTAMP COMMENT 'Время создания строки',
  `updated_at` datetime DEFAULT CURRENT_TIMESTAMP ON UPDATE CURRENT_TIMESTAMP COMMENT 'Время обновления строки',
  PRIMARY KEY (`id`),
  CONSTRAINT `media_chk_1` CHECK (json_valid(`metadata`))
) ENGINE=InnoDB AUTO_INCREMENT=101 DEFAULT CHARSET=utf8 COLLATE=utf8_unicode_ci COMMENT='Медиафайлы';
/*!40101 SET character_set_client = @saved_cs_client */;

--
-- Dumping data for table `media`
--

LOCK TABLES `media` WRITE;
/*!40000 ALTER TABLE `media` DISABLE KEYS */;
INSERT INTO `media` VALUES (1,1,'et',402,NULL,1,'2002-10-01 15:13:38','1986-12-29 02:51:38'),(2,2,'et',0,NULL,2,'2003-11-09 03:54:24','1989-01-11 07:05:52'),(3,3,'natus',98976,NULL,3,'2017-02-18 12:26:07','1981-09-26 01:40:05'),(4,4,'voluptas',419574,NULL,4,'1999-10-01 22:27:34','2014-08-25 17:03:24'),(5,5,'quis',0,NULL,5,'1984-08-20 08:21:06','2016-03-24 16:52:02'),(6,6,'aut',3702,NULL,6,'1990-10-07 07:39:35','1975-12-24 00:07:48'),(7,7,'expedita',0,NULL,7,'1992-07-31 10:06:28','1989-11-17 19:09:02'),(8,8,'reiciendis',573896,NULL,8,'1975-08-30 04:11:05','1978-11-09 07:16:42'),(9,9,'facilis',54,NULL,9,'2019-11-09 13:15:33','1989-12-26 16:59:53'),(10,10,'quam',0,NULL,10,'2006-06-27 11:43:57','1970-01-20 08:47:57'),(11,11,'quia',9844,NULL,11,'1990-06-27 15:05:06','2019-10-15 20:11:44'),(12,12,'magni',56929,NULL,12,'2002-01-26 16:40:57','1993-04-21 22:09:15'),(13,13,'accusamus',77048,NULL,13,'1981-05-10 04:19:55','1980-04-15 11:59:16'),(14,14,'nisi',456829376,NULL,14,'1987-06-19 22:06:30','2014-04-12 06:42:38'),(15,15,'sit',62366120,NULL,15,'1984-02-05 19:04:51','1970-01-12 08:36:47'),(16,16,'quis',19417100,NULL,16,'1981-07-20 02:39:23','1976-08-12 05:51:23'),(17,17,'sed',79022985,NULL,17,'2020-08-03 01:56:16','1992-09-15 14:45:18'),(18,18,'deleniti',4471,NULL,18,'2007-03-22 03:13:21','1978-06-20 10:34:50'),(19,19,'ipsam',95923425,NULL,19,'2015-12-04 07:32:07','1983-08-13 14:37:07'),(20,20,'dolor',0,NULL,20,'1970-12-02 22:03:10','1981-02-01 20:04:13'),(21,21,'animi',571,NULL,21,'2020-01-28 15:15:36','2013-08-02 02:49:15'),(22,22,'quis',8768,NULL,22,'2008-02-25 11:30:56','1990-11-17 21:12:06'),(23,23,'nobis',3088,NULL,23,'1984-12-11 22:35:40','1985-12-14 07:00:42'),(24,24,'magni',6985433,NULL,24,'2000-02-23 16:53:21','2008-04-23 18:14:13'),(25,25,'et',0,NULL,25,'1988-10-26 10:56:14','1996-08-11 05:36:39'),(26,26,'officiis',603852110,NULL,26,'1989-10-22 10:51:33','1981-07-02 07:51:27'),(27,27,'eius',801,NULL,27,'1978-09-30 11:17:47','2003-01-27 18:10:43'),(28,28,'quam',28,NULL,28,'1970-12-30 14:02:58','2012-08-12 03:14:41'),(29,29,'ea',3609838,NULL,29,'2014-01-12 11:45:49','2004-11-24 00:03:37'),(30,30,'veritatis',999391115,NULL,30,'1988-08-26 13:03:30','2011-12-04 22:16:41'),(31,31,'laborum',164,NULL,31,'1996-09-30 09:21:29','2016-07-26 06:39:17'),(32,32,'commodi',489403,NULL,32,'2005-09-29 11:52:13','2015-02-07 18:19:32'),(33,33,'odit',108585917,NULL,33,'2018-05-30 23:05:27','2005-04-13 12:52:50'),(34,34,'sed',5,NULL,34,'2010-06-20 15:24:26','1977-07-08 17:08:20'),(35,35,'nam',430744,NULL,35,'2004-12-27 06:13:05','2012-06-09 19:55:51'),(36,36,'et',978,NULL,36,'1999-07-05 21:48:04','1973-07-11 22:25:03'),(37,37,'accusamus',615501237,NULL,37,'1997-03-07 00:13:58','1974-06-30 10:40:15'),(38,38,'saepe',3,NULL,38,'1982-09-01 16:52:58','1986-01-21 19:27:21'),(39,39,'nostrum',15,NULL,39,'1978-12-05 23:34:11','2001-08-19 16:13:03'),(40,40,'alias',6,NULL,40,'1997-12-07 18:35:32','1992-06-23 12:00:53'),(41,41,'voluptatem',73,NULL,41,'1977-11-11 06:10:09','2012-07-24 03:23:08'),(42,42,'at',0,NULL,42,'1999-10-19 20:03:15','1985-09-23 16:52:48'),(43,43,'voluptas',931559,NULL,43,'2015-02-16 08:15:52','1986-04-12 18:39:45'),(44,44,'qui',11847,NULL,44,'2010-03-26 04:02:20','1993-01-11 18:16:45'),(45,45,'aut',9,NULL,45,'2007-12-20 13:28:02','1971-10-26 18:45:40'),(46,46,'consequuntur',778156006,NULL,46,'1979-03-10 04:32:20','1976-09-26 21:32:51'),(47,47,'rerum',6666,NULL,47,'1990-12-08 09:38:00','1992-01-19 02:32:08'),(48,48,'ipsa',979,NULL,48,'2020-01-04 06:08:54','1979-07-11 13:39:22'),(49,49,'et',965,NULL,49,'1978-08-26 15:43:42','1979-08-21 01:31:47'),(50,50,'autem',7,NULL,50,'1971-09-11 01:50:13','2016-07-24 00:13:04'),(51,51,'architecto',1932692,NULL,51,'1973-04-10 17:40:50','1991-12-08 11:02:06'),(52,52,'molestias',285047729,NULL,52,'1974-02-17 17:36:30','1983-06-10 11:24:24'),(53,53,'sequi',45378,NULL,53,'2005-07-17 17:32:52','2000-09-03 14:16:11'),(54,54,'sed',99828,NULL,54,'1990-01-23 03:16:59','1973-01-01 02:58:39'),(55,55,'est',681,NULL,55,'2015-07-01 23:38:42','2019-03-26 19:08:50'),(56,56,'quae',7,NULL,56,'1993-07-15 18:40:12','1988-02-22 00:58:26'),(57,57,'sit',0,NULL,57,'1983-04-14 00:20:10','2010-06-14 07:56:13'),(58,58,'enim',0,NULL,58,'1983-09-23 01:43:47','2003-11-22 16:21:21'),(59,59,'expedita',1662818,NULL,59,'1977-01-06 22:06:14','1974-11-16 05:22:50'),(60,60,'repellat',894749,NULL,60,'1995-08-09 17:17:26','2015-11-30 17:50:10'),(61,61,'quisquam',526392,NULL,61,'1977-09-21 15:34:53','1974-05-16 13:45:48'),(62,62,'perspiciatis',55683834,NULL,62,'1991-07-25 07:02:29','1995-12-01 17:00:21'),(63,63,'saepe',192829409,NULL,63,'1982-08-11 02:34:07','1981-01-20 08:42:20'),(64,64,'officiis',5,NULL,64,'2010-01-17 01:22:21','1987-09-09 04:58:16'),(65,65,'fugit',23,NULL,65,'2003-07-23 21:08:49','1990-09-10 00:09:59'),(66,66,'fuga',916289,NULL,66,'2001-03-09 22:09:09','1985-01-01 22:04:32'),(67,67,'dolore',1475,NULL,67,'2008-10-01 22:44:33','2011-05-21 06:23:08'),(68,68,'dolorum',8,NULL,68,'2003-05-08 19:08:39','2017-10-17 05:01:03'),(69,69,'autem',21087593,NULL,69,'2011-01-07 21:04:08','1982-11-24 21:42:15'),(70,70,'consequuntur',100,NULL,70,'1974-03-15 17:40:16','2010-11-20 19:46:44'),(71,71,'cumque',6726,NULL,71,'2012-12-12 12:36:50','1994-05-16 17:10:43'),(72,72,'fuga',44442,NULL,72,'1989-03-04 11:45:06','1996-11-10 09:47:34'),(73,73,'veritatis',82794,NULL,73,'1999-03-09 06:02:29','2008-11-04 18:25:38'),(74,74,'explicabo',5218,NULL,74,'1982-03-29 23:27:56','2014-11-24 19:38:46'),(75,75,'quia',997456848,NULL,75,'1992-06-30 22:03:41','1979-07-11 13:26:47'),(76,76,'eum',7450712,NULL,76,'2017-08-07 20:41:17','1979-03-20 09:08:04'),(77,77,'doloremque',866425,NULL,77,'2010-01-07 18:26:02','1982-12-13 23:48:42'),(78,78,'aut',38841433,NULL,78,'1998-03-27 12:31:26','2008-03-09 11:38:05'),(79,79,'qui',358716148,NULL,79,'2011-03-18 15:01:58','1974-03-12 18:46:32'),(80,80,'expedita',7,NULL,80,'1996-12-09 08:53:13','1985-09-10 09:04:22'),(81,81,'non',7,NULL,81,'1996-09-09 04:04:35','1986-07-16 13:26:13'),(82,82,'accusantium',0,NULL,82,'1994-07-24 06:35:20','2010-10-25 05:12:55'),(83,83,'fuga',4,NULL,83,'2015-01-17 18:08:53','2003-11-11 12:02:52'),(84,84,'in',54777,NULL,84,'1974-02-05 09:52:26','1991-12-31 10:39:36'),(85,85,'aperiam',89817,NULL,85,'2019-02-21 17:01:03','2013-10-20 12:38:46'),(86,86,'dolor',9,NULL,86,'1982-08-20 08:02:38','2014-11-09 05:22:14'),(87,87,'dolorem',736,NULL,87,'1972-03-12 22:05:12','1990-04-07 14:52:57'),(88,88,'amet',8620,NULL,88,'1992-07-09 03:21:55','2004-02-09 11:57:46'),(89,89,'suscipit',3,NULL,89,'1974-04-16 09:49:34','1985-03-16 02:33:25'),(90,90,'provident',8200227,NULL,90,'1978-01-25 08:54:41','2011-01-02 13:26:11'),(91,91,'sed',3193,NULL,91,'2010-06-12 01:49:54','1991-02-14 16:11:43'),(92,92,'impedit',213141,NULL,92,'1978-05-20 19:06:39','2003-09-28 00:11:18'),(93,93,'nihil',21951,NULL,93,'2017-12-09 20:40:25','2007-03-08 13:52:23'),(94,94,'alias',69,NULL,94,'2008-02-04 09:54:38','1995-05-19 13:03:31'),(95,95,'esse',678,NULL,95,'2016-01-25 00:17:10','2016-03-12 22:42:56'),(96,96,'nam',65,NULL,96,'1986-08-12 23:45:02','2003-04-09 16:47:08'),(97,97,'ea',934,NULL,97,'2017-07-20 19:36:59','1982-07-22 13:59:25'),(98,98,'rerum',2979,NULL,98,'1998-11-12 12:16:59','1996-08-13 21:52:01'),(99,99,'ut',69500675,NULL,99,'2011-11-16 13:27:15','2006-11-08 06:14:26'),(100,100,'sequi',718375,NULL,100,'1979-04-26 09:12:06','2009-08-17 02:31:30');
/*!40000 ALTER TABLE `media` ENABLE KEYS */;
UNLOCK TABLES;

--
-- Table structure for table `media_types`
--

DROP TABLE IF EXISTS `media_types`;
/*!40101 SET @saved_cs_client     = @@character_set_client */;
/*!50503 SET character_set_client = utf8mb4 */;
CREATE TABLE `media_types` (
  `id` int unsigned NOT NULL AUTO_INCREMENT COMMENT 'Идентификатор строки',
  `name` varchar(255) CHARACTER SET utf8 COLLATE utf8_unicode_ci NOT NULL COMMENT 'Название типа',
  `created_at` datetime DEFAULT CURRENT_TIMESTAMP COMMENT 'Время создания строки',
  `updated_at` datetime DEFAULT CURRENT_TIMESTAMP ON UPDATE CURRENT_TIMESTAMP COMMENT 'Время обновления строки',
  PRIMARY KEY (`id`),
  UNIQUE KEY `name` (`name`)
) ENGINE=InnoDB AUTO_INCREMENT=101 DEFAULT CHARSET=utf8 COLLATE=utf8_unicode_ci COMMENT='Типы медиафайлов';
/*!40101 SET character_set_client = @saved_cs_client */;

--
-- Dumping data for table `media_types`
--

LOCK TABLES `media_types` WRITE;
/*!40000 ALTER TABLE `media_types` DISABLE KEYS */;
INSERT INTO `media_types` VALUES (1,'itaque','2012-07-18 01:58:02','1975-03-10 20:05:53'),(2,'perferendis','2013-05-29 19:59:27','2014-03-24 05:21:48'),(3,'ad','2014-04-04 02:25:16','1977-10-07 14:58:12'),(4,'dolorum','1997-02-21 20:19:04','1985-05-31 18:49:48'),(5,'ea','1995-11-14 07:14:54','1999-05-31 21:24:06'),(6,'odio','2015-04-21 01:47:29','1993-11-22 03:40:48'),(7,'voluptas','2010-12-20 16:57:40','1988-06-17 11:49:18'),(8,'et','1973-02-25 02:09:26','2005-10-11 13:37:36'),(9,'voluptatem','2002-10-22 07:15:45','1974-02-19 22:18:24'),(10,'ut','1976-08-06 21:44:13','1973-12-28 22:12:31'),(11,'quis','2014-08-18 04:14:02','2002-05-08 05:30:51'),(12,'asperiores','2008-07-10 18:42:38','2001-07-10 17:32:35'),(13,'sunt','1990-06-26 11:40:21','2000-06-21 12:51:57'),(14,'impedit','2002-08-14 14:02:14','1998-03-25 20:15:04'),(15,'tempore','2011-07-19 17:40:47','2010-04-27 04:22:36'),(16,'optio','2013-09-16 09:25:09','2009-08-06 07:49:33'),(17,'quaerat','1997-02-15 03:07:37','1988-11-29 14:41:32'),(18,'blanditiis','1992-05-14 07:37:42','1986-06-27 18:29:01'),(19,'omnis','2006-05-29 11:43:39','2014-03-27 07:53:16'),(20,'esse','1987-11-13 21:24:57','1975-12-17 17:01:48'),(21,'dolores','1987-05-31 23:13:46','2019-08-27 16:07:43'),(22,'alias','2016-09-21 20:31:16','1974-08-31 20:57:05'),(23,'quibusdam','2001-09-12 07:22:33','1986-11-08 12:37:09'),(24,'quo','1995-09-03 06:28:46','2006-07-07 18:27:28'),(25,'vero','1991-10-16 22:41:42','1996-11-19 11:24:50'),(26,'repudiandae','1972-04-29 04:35:34','1977-04-08 09:23:04'),(27,'qui','2015-07-10 20:39:23','1974-09-03 19:05:54'),(28,'adipisci','1981-12-16 19:57:15','1982-11-23 10:53:01'),(29,'corporis','1988-02-08 19:56:17','1971-07-15 13:56:10'),(30,'similique','2002-11-24 10:47:56','1975-03-21 23:00:06'),(31,'odit','1975-11-21 08:23:08','1996-03-18 21:57:52'),(32,'porro','2007-12-14 10:39:19','2004-09-18 11:05:11'),(33,'sed','2010-12-29 20:20:01','1979-10-13 07:28:03'),(34,'voluptate','1988-11-09 23:35:48','1985-02-22 01:59:05'),(35,'saepe','1989-02-08 00:03:41','2009-05-28 09:47:44'),(36,'harum','1973-03-14 22:06:28','2019-02-03 03:53:08'),(37,'nostrum','1974-05-29 08:26:56','2002-06-14 06:01:47'),(38,'velit','2020-01-06 09:07:56','1977-04-05 16:47:24'),(39,'delectus','1980-03-26 03:09:59','1970-01-26 06:27:34'),(40,'fugiat','2012-10-22 12:40:50','2011-09-03 10:49:08'),(41,'facilis','2019-09-28 10:21:31','2008-08-27 05:08:38'),(42,'aut','1973-05-20 15:23:16','1976-08-26 18:56:39'),(43,'pariatur','1997-06-26 18:00:18','1997-10-25 14:02:15'),(44,'sequi','1984-04-21 13:32:14','2013-05-19 20:37:05'),(45,'enim','2006-12-18 17:53:02','2011-10-25 01:07:40'),(46,'placeat','1996-01-29 20:13:15','1992-04-16 20:16:08'),(47,'non','2008-12-16 03:49:19','1976-09-11 07:24:57'),(48,'earum','1996-09-07 06:49:14','1992-09-07 13:21:06'),(49,'totam','2013-07-20 18:14:55','2010-07-23 20:14:37'),(50,'aspernatur','2001-11-13 23:28:18','2005-10-06 16:55:25'),(51,'voluptatibus','1986-11-12 09:02:07','1973-10-24 19:32:13'),(52,'perspiciatis','1993-05-23 12:14:43','2005-12-19 21:43:53'),(53,'quidem','1971-01-01 07:45:28','1978-11-04 21:27:01'),(54,'nam','1979-10-28 10:34:10','1990-08-09 16:58:48'),(55,'necessitatibus','1981-12-28 00:19:33','1996-12-26 21:32:49'),(56,'neque','2015-11-17 16:24:44','1995-02-19 10:21:09'),(57,'exercitationem','2016-01-29 12:07:32','1997-12-08 13:30:38'),(58,'praesentium','2005-06-04 02:29:47','1973-02-14 22:26:29'),(59,'est','1993-09-30 07:25:46','1999-07-10 20:02:29'),(60,'dolorem','1991-08-05 07:57:33','1973-07-31 17:57:05'),(61,'molestiae','1972-07-04 07:55:34','1987-10-03 23:49:59'),(62,'maxime','1978-10-15 12:16:46','1994-06-08 12:40:07'),(63,'quam','1983-07-03 00:48:46','2017-10-06 11:31:58'),(64,'aperiam','1993-11-30 21:32:08','2004-05-28 22:32:30'),(65,'quod','2016-12-26 16:55:17','1973-01-05 12:30:09'),(66,'illum','1978-04-19 18:05:58','2014-02-15 19:20:37'),(67,'iste','1995-02-13 09:31:07','2012-08-29 01:40:22'),(68,'voluptatum','1970-04-18 21:54:37','2009-07-29 18:46:35'),(69,'assumenda','2000-11-20 19:04:55','1980-05-26 15:57:03'),(70,'dignissimos','1970-03-25 04:24:56','2001-06-03 03:47:10'),(71,'magnam','1975-03-26 16:40:58','1989-12-20 23:00:38'),(72,'quia','1988-12-04 19:27:21','1989-08-27 14:50:41'),(73,'consequatur','1973-04-28 23:08:01','2017-03-18 12:44:55'),(74,'expedita','2012-02-11 18:32:18','1977-08-29 10:21:23'),(75,'possimus','1985-08-28 02:24:26','2011-03-05 11:02:50'),(76,'nihil','1990-03-10 08:57:40','1975-09-30 22:37:35'),(77,'ratione','1977-10-15 07:31:42','1972-02-11 23:17:49'),(78,'autem','1984-11-19 16:21:07','2008-08-20 00:08:05'),(79,'dolor','1982-12-15 15:39:42','2001-08-12 12:46:32'),(80,'repellendus','2009-04-07 09:11:35','2001-05-19 05:43:31'),(81,'quisquam','1972-05-12 02:59:32','1986-08-04 14:03:12'),(82,'laborum','2006-07-27 09:13:43','2004-02-16 16:36:52'),(83,'quae','2019-03-08 18:14:48','1994-02-25 01:03:08'),(84,'ducimus','2018-06-21 19:56:17','1974-02-28 10:55:38'),(85,'cumque','1982-02-17 12:37:38','2002-12-26 07:03:16'),(86,'nobis','1996-11-04 14:15:15','1999-11-24 13:40:13'),(87,'corrupti','1975-03-12 16:03:36','1975-09-18 20:23:56'),(88,'suscipit','1984-11-21 12:09:52','1983-05-19 23:27:02'),(89,'excepturi','1975-07-30 06:57:12','1997-03-04 05:22:33'),(90,'soluta','1990-09-08 18:43:48','1997-02-05 17:01:41'),(91,'cupiditate','1985-02-18 02:59:23','1979-03-23 14:13:50'),(92,'accusamus','2016-11-10 04:02:56','1987-03-28 23:06:02'),(93,'eum','1988-05-20 01:56:24','1998-05-28 14:02:22'),(94,'quos','1973-10-11 18:42:30','1981-04-18 20:13:34'),(95,'in','2002-09-28 03:06:04','2001-11-28 21:08:11'),(96,'debitis','1990-08-27 12:49:24','1987-04-26 09:51:38'),(97,'error','2013-06-26 18:10:44','2003-07-25 16:50:41'),(98,'voluptates','1976-07-28 01:33:20','2019-07-19 08:29:28'),(99,'hic','1989-07-01 03:53:12','1995-10-07 23:57:46'),(100,'atque','2000-07-07 15:40:44','1973-02-28 22:08:58');
/*!40000 ALTER TABLE `media_types` ENABLE KEYS */;
UNLOCK TABLES;

--
-- Table structure for table `messages`
--

DROP TABLE IF EXISTS `messages`;
/*!40101 SET @saved_cs_client     = @@character_set_client */;
/*!50503 SET character_set_client = utf8mb4 */;
CREATE TABLE `messages` (
  `id` int unsigned NOT NULL AUTO_INCREMENT COMMENT 'Идентификатор строки',
  `from_user_id` int unsigned NOT NULL COMMENT 'Ссылка на отправителя сообщения',
  `to_user_id` int unsigned NOT NULL COMMENT 'Ссылка на получателя сообщения',
  `body` text CHARACTER SET utf8 COLLATE utf8_unicode_ci NOT NULL COMMENT 'Текст сообщения',
  `is_important` tinyint(1) DEFAULT NULL COMMENT 'Признак важности',
  `is_delivered` tinyint(1) DEFAULT NULL COMMENT 'Признак доставки',
  `created_at` datetime DEFAULT CURRENT_TIMESTAMP COMMENT 'Время создания строки',
  PRIMARY KEY (`id`)
) ENGINE=InnoDB AUTO_INCREMENT=101 DEFAULT CHARSET=utf8 COLLATE=utf8_unicode_ci COMMENT='Сообщения';
/*!40101 SET character_set_client = @saved_cs_client */;

--
-- Dumping data for table `messages`
--

LOCK TABLES `messages` WRITE;
/*!40000 ALTER TABLE `messages` DISABLE KEYS */;
INSERT INTO `messages` VALUES (1,1,1,'Ut eveniet non modi aut at. At ut fugiat natus consequatur magnam nemo qui. Sequi impedit excepturi temporibus velit et dicta.',1,1,'2006-11-06 18:22:04'),(2,2,2,'Aut accusantium quasi aliquam in quia. Officia consectetur provident cupiditate quia iure assumenda dolor. Aut possimus suscipit exercitationem occaecati. Est molestias vitae inventore ex ullam eos libero et.',0,1,'1970-09-22 10:52:46'),(3,3,3,'Labore illo reprehenderit eveniet aut debitis corporis. At veritatis doloribus distinctio eligendi eum eveniet. Quaerat est autem iste quibusdam eius reiciendis. Porro quae commodi laudantium rerum amet accusamus.',1,1,'1986-02-28 04:12:06'),(4,4,4,'Rerum veniam fugit voluptatem dignissimos. Itaque qui ut reiciendis repellendus. Dolores consequatur error occaecati molestiae et quod eveniet. Aut qui consequatur error ducimus expedita. A consectetur cumque est quae nemo.',1,1,'1987-07-29 01:39:42'),(5,5,5,'Impedit beatae ab natus consequatur. Architecto suscipit nesciunt et et enim nemo sapiente. Sit laudantium facere sit ut voluptatem sint officiis officiis.',0,1,'1973-01-15 00:57:31'),(6,6,6,'Fugiat nihil aut illum quaerat dolores veritatis. Harum voluptatum repellat doloremque ipsum vel. Tenetur eos quidem numquam.',1,0,'1989-04-23 22:14:47'),(7,7,7,'Consequatur aut voluptates pariatur voluptatum laborum. Dignissimos neque quod ad qui laboriosam. Ex in voluptatum est asperiores.',0,0,'2006-09-22 23:43:59'),(8,8,8,'Rerum natus sint fuga sed nihil. Minus itaque sunt ullam nostrum ipsam.',0,1,'1987-11-03 00:52:49'),(9,9,9,'Quis libero architecto dolores porro aspernatur alias ratione. Laudantium reiciendis libero ut natus. Harum consectetur tempore quod sed sit voluptas error dolor.',0,0,'1981-04-13 11:21:22'),(10,10,10,'Quibusdam tenetur distinctio et adipisci sit. Sed non id ut nihil neque.',1,1,'1999-07-14 12:08:56'),(11,11,11,'Recusandae quas doloremque qui qui. Minus dolores architecto quia quia minima. Perspiciatis qui necessitatibus sunt ut iure.',0,0,'2009-04-17 19:40:38'),(12,12,12,'Quia quae et asperiores voluptatem dolore enim ut doloribus. Dolores rerum molestias debitis explicabo. Beatae exercitationem doloremque voluptatibus quis rerum dolorum cupiditate.',1,1,'2015-12-24 17:25:21'),(13,13,13,'Ipsam sunt quis sint corporis qui repellat est. Molestiae suscipit doloribus doloribus aspernatur consequuntur placeat aut voluptatem. Dolorem rerum debitis eum qui dolor iste nemo quia. Sit sed occaecati illo et aperiam ut delectus.',0,1,'2009-08-19 04:51:49'),(14,14,14,'Quidem dolore sit sed voluptatem. Dolor repellendus quisquam repudiandae minima non qui iusto. Et nam qui corrupti temporibus. Laborum maiores numquam qui aliquid hic officia.',0,0,'2020-06-15 23:56:09'),(15,15,15,'Ratione eligendi atque blanditiis rerum neque. Iusto excepturi ut aut nihil quia. Amet neque quas sunt voluptates occaecati explicabo vel. Aperiam consequatur repudiandae saepe omnis.',0,1,'1971-04-03 21:45:56'),(16,16,16,'Aut ipsam cum rerum natus optio. Beatae quis rerum totam. Beatae consequatur sint molestiae est labore est quasi. Et voluptas quia molestiae omnis qui. Ut ut in ut nobis alias velit.',1,0,'1994-11-02 10:01:35'),(17,17,17,'Incidunt alias sed a qui. Minus vel molestiae qui recusandae blanditiis sed et. Exercitationem impedit unde sed aut architecto voluptas. Neque aut et magnam pariatur sapiente voluptatibus.',0,0,'1991-12-02 07:16:14'),(18,18,18,'Nobis modi adipisci magnam at rerum eum dignissimos. Placeat eos et quibusdam voluptas cumque perferendis dignissimos est. Est dignissimos tempore corrupti qui.',0,1,'1988-03-06 19:02:17'),(19,19,19,'Ab temporibus aut non nostrum perspiciatis aut illo debitis. Necessitatibus fugiat vero vel atque vitae excepturi et. Veritatis quia autem inventore tempore perspiciatis sit. Inventore voluptas ab qui voluptatibus rerum ipsam ut.',1,1,'1993-04-05 14:44:34'),(20,20,20,'Autem architecto reiciendis iusto tenetur ipsa ut. Sunt vel in dignissimos quasi culpa eum. Odio minus cum quibusdam dolorum labore dolore laudantium. Laboriosam ut aut quod molestiae laborum nostrum.',0,1,'1981-12-01 00:48:31'),(21,21,21,'Temporibus perferendis reiciendis sed rerum. Vel est quae necessitatibus dicta illum beatae aut.',0,1,'2013-11-03 13:50:53'),(22,22,22,'Dicta consequatur modi neque officia quis. Omnis expedita quo quo. Qui dolor maiores voluptate. Minima nostrum et facere vel rem qui est. In deleniti at illum.',1,0,'2019-09-21 21:10:33'),(23,23,23,'Necessitatibus non quidem quasi repellat. Eum magnam dignissimos quis voluptatibus rem aut. Tenetur facere quo architecto. Asperiores modi voluptatem omnis excepturi modi ea.',0,0,'1981-09-05 06:57:11'),(24,24,24,'Molestiae dolores autem deleniti accusantium repudiandae. Voluptatum vero doloremque qui. Repellendus nisi quis illum cupiditate aut occaecati mollitia. Molestias magni qui molestiae possimus.',0,1,'2019-04-26 23:30:29'),(25,25,25,'Error aliquid sunt est dolorem eligendi voluptatem. Maxime labore illo soluta beatae. Omnis qui et explicabo officiis odio quaerat. Numquam debitis ad accusantium impedit occaecati.',1,1,'2011-07-05 20:24:48'),(26,26,26,'Et doloribus voluptas culpa excepturi rerum aut. Sed modi hic id. Quod qui dolorem esse itaque et laboriosam qui ut. Nulla vero qui voluptas.',1,1,'1996-01-30 05:17:14'),(27,27,27,'Et officia facilis occaecati dolorem id. Velit sapiente amet non qui. Quis sit adipisci asperiores in. Dolores eum qui ullam maiores sint.',0,1,'1979-09-18 12:34:47'),(28,28,28,'Exercitationem porro tenetur sunt deserunt vel ea aliquam. Provident qui quia veniam. Autem neque numquam iste nesciunt corporis quas dicta.',1,0,'2018-07-09 02:22:44'),(29,29,29,'Enim culpa perferendis repudiandae necessitatibus. Officia rerum ad eaque quia aliquam nihil nam. Qui soluta iusto molestiae suscipit neque qui iure. Quis et voluptas perferendis in dicta nulla.',1,1,'2009-01-09 00:33:47'),(30,30,30,'Dolorem et numquam voluptate doloribus voluptatibus quasi fugiat. In cum voluptas illo et facilis quia rerum. Ratione dolores dolorum debitis quia commodi. Beatae quasi quibusdam voluptates delectus.',1,0,'2009-02-20 12:52:26'),(31,31,31,'Et earum vero molestiae voluptatem voluptatem qui beatae. Cum autem quia dolorem.',0,0,'1975-02-08 18:45:52'),(32,32,32,'Facilis veritatis ex corporis dolor vero facere sapiente. Est saepe laboriosam nostrum consequuntur voluptatem. Ab ipsam qui dolore illo autem. Quia voluptas consequuntur voluptas ut iusto est ea enim.',1,0,'1972-09-26 07:18:56'),(33,33,33,'Saepe ut sequi sit molestias. Voluptates nulla asperiores possimus rerum earum. Aperiam delectus modi cum culpa ut ab omnis.',1,0,'2007-01-18 00:57:40'),(34,34,34,'Numquam quas aliquam ipsa ut et et. Sunt labore id et et quia quos. Qui dicta et ratione possimus. A consequuntur incidunt at adipisci.',0,1,'2015-04-25 05:03:04'),(35,35,35,'Cupiditate cupiditate nemo omnis deleniti. Maxime molestias corrupti est eveniet minima qui. Quisquam ratione omnis architecto natus. Labore minus et tenetur et nemo error eos delectus.',1,1,'1982-09-03 09:14:22'),(36,36,36,'Id impedit earum accusantium mollitia. Praesentium assumenda perspiciatis recusandae consequatur. Reprehenderit occaecati sunt cum quae reprehenderit quasi. Et ducimus quia voluptatem animi unde optio unde. Et ratione eos vel libero.',0,0,'1981-10-16 23:29:56'),(37,37,37,'Atque velit quia quos aut sit officiis qui autem. Labore unde molestiae totam quae inventore ut animi. Totam totam error quis repellat ea.',1,0,'2000-01-07 00:23:46'),(38,38,38,'Voluptatem eum quisquam dolores asperiores non. Quo asperiores rem reiciendis vitae animi. Sed placeat corporis sed excepturi veritatis dolores.',1,0,'1977-10-01 10:58:28'),(39,39,39,'Repellat sequi ut ea. Eos optio est ut molestias aut laudantium voluptatem. Ea rerum ut ipsa incidunt sint.',0,1,'2019-07-05 05:55:15'),(40,40,40,'Quia ut sunt voluptatum molestias. Voluptatem vel qui dicta consectetur. Dignissimos expedita dicta asperiores occaecati ut eos voluptas. Quae rem rem aut sint quis corrupti.',1,0,'2005-10-05 09:36:13'),(41,41,41,'Quisquam fugit laborum id sint excepturi perspiciatis ut. Voluptas qui cum recusandae voluptatem quam non earum omnis. Reiciendis qui qui numquam laborum voluptates id nihil. Magni doloribus nam est at tempora praesentium consequatur praesentium.',0,0,'1998-12-30 12:08:02'),(42,42,42,'Suscipit voluptatem tempore sed ut quos sed velit aut. Quis culpa eum atque voluptas quam beatae. Maxime est esse ex mollitia. Similique et dolorem praesentium laborum neque.',0,0,'2000-06-09 10:30:29'),(43,43,43,'Officia ut est accusantium ut perferendis. Impedit sit ipsam porro pariatur vitae commodi. Ut iste ratione nulla incidunt eligendi sapiente dignissimos.',1,1,'1984-08-02 10:08:18'),(44,44,44,'Porro in aut occaecati minus hic. Omnis ipsa repellat dolor sit. Voluptatem voluptas assumenda delectus. Possimus ex recusandae ut aut corrupti.',0,0,'2011-01-05 09:54:57'),(45,45,45,'Est provident voluptas reiciendis et rerum sed. Eos veritatis maxime ipsum et ut eius. Accusantium facilis facere quae et dicta.',0,0,'1981-11-23 06:54:08'),(46,46,46,'Et corrupti qui et possimus aut nihil qui. Et architecto et est est eum. Rerum veritatis ipsum ullam.',0,1,'2015-12-09 21:48:06'),(47,47,47,'Quia assumenda cumque est laborum et molestiae quia. Iusto dignissimos illo odit tempora. Eveniet veniam rerum illum dolorem expedita occaecati rerum.',1,0,'1973-03-24 13:05:41'),(48,48,48,'Voluptatem est qui voluptatibus quod quis sequi vero. Vero voluptatem magnam animi odit rerum. Ut ratione vero quam non eius ipsum. Laudantium asperiores voluptate qui ipsa vel.',1,1,'2008-04-12 21:21:10'),(49,49,49,'Pariatur corporis non officia quo sint deserunt. Vel illum quo tempora magni similique dolor. Cumque ipsa maxime ab vitae numquam et. Natus dolorem aut qui sequi.',0,1,'2019-08-05 01:48:00'),(50,50,50,'Magni et ipsum quasi. Sed vel nihil consequuntur vero sit tempora recusandae. Corporis deserunt hic voluptatibus sunt laudantium. Magnam nam distinctio omnis facere distinctio iusto laborum.',0,0,'1970-01-10 18:25:50'),(51,51,51,'Quia tempore quisquam maxime minus voluptates eius mollitia. Qui ut et laudantium sed. Unde qui consequuntur qui omnis non quidem.',1,1,'1977-10-23 21:37:40'),(52,52,52,'Blanditiis ipsum vel magnam quasi culpa enim. Optio mollitia numquam dicta aliquam libero. Earum repellendus similique illo nihil repellendus a.',0,0,'1992-12-22 01:15:58'),(53,53,53,'Dolores ipsam sit labore et culpa laboriosam provident vitae. Totam suscipit inventore ut distinctio possimus deleniti fugit. Qui officia ut enim deleniti eligendi similique.',1,1,'2010-01-07 12:25:56'),(54,54,54,'At temporibus odio animi earum. Illum voluptates in sit excepturi ex culpa. Fugit sapiente voluptatum nulla voluptate aut.',1,0,'2000-12-19 06:36:16'),(55,55,55,'Deleniti ab reprehenderit praesentium autem praesentium quia voluptas. Qui expedita tenetur dicta accusamus est modi.',1,0,'1987-03-11 20:57:41'),(56,56,56,'Necessitatibus eius rem neque ipsa voluptas architecto molestias est. Excepturi optio tempora et praesentium quos quibusdam vero.',0,0,'1993-10-25 20:13:03'),(57,57,57,'Molestiae consequatur voluptatem quo corporis. Architecto quos quia dolor molestiae velit et. Atque repudiandae aspernatur soluta voluptatem.',1,1,'1989-05-19 22:22:51'),(58,58,58,'Deserunt est repudiandae consequuntur et ea laudantium quidem. Quo temporibus eos ut vitae doloribus neque. Quidem eum error ea odio aut. Beatae animi dignissimos a repellendus quia minus voluptatem.',0,0,'2002-09-27 17:30:25'),(59,59,59,'Reiciendis ut veniam rerum magni soluta qui quis. Sed velit iste quae saepe sunt repudiandae ipsam. Et facilis omnis et assumenda. Rerum consequatur eum molestiae explicabo nesciunt.',0,0,'1983-12-21 20:55:51'),(60,60,60,'Quo et voluptas nulla itaque qui. Voluptatem animi odio quam voluptatem commodi quasi dolore deserunt. Dolorem exercitationem qui facilis repudiandae reprehenderit ut ut. Culpa provident qui fugiat aut ipsum ea. Qui molestiae illum libero molestiae veritatis nihil.',1,0,'1998-07-26 02:44:51'),(61,61,61,'Numquam itaque optio et perspiciatis ut. Ipsum ipsum eum blanditiis illo voluptas voluptas. Recusandae odio eum et est officiis. Perspiciatis ea dolore sint qui eum vel excepturi est.',1,1,'1972-02-08 11:20:13'),(62,62,62,'Dolor ut nam voluptatum iusto hic sunt facilis. Totam inventore laboriosam sapiente adipisci aut qui dicta. Nemo molestiae excepturi omnis.',0,1,'2006-05-10 22:01:52'),(63,63,63,'Culpa cupiditate architecto unde exercitationem et id minima. Consequatur natus accusantium repudiandae recusandae autem architecto. Qui saepe eos aut. Illo voluptatem ex blanditiis sint nihil iure aliquid.',0,1,'1985-04-21 06:56:04'),(64,64,64,'Culpa ut non fuga debitis sequi debitis. Fuga culpa nostrum sed quo. Eaque molestias sit voluptas iure.',1,1,'2016-10-11 01:31:23'),(65,65,65,'Recusandae omnis sunt ad vero. Ut illum voluptas sit voluptas dolores ut. Voluptatibus non et perspiciatis consequatur. Laudantium velit accusantium aut vel.',0,0,'2017-03-16 08:33:23'),(66,66,66,'Et aliquam illum nemo. Placeat non eaque sapiente non dolorem eos. Consequatur quia et officia ut. Quisquam et ad molestias nisi. Aut cumque et aut at est hic facilis.',1,1,'2009-07-23 10:42:36'),(67,67,67,'Nostrum iste qui atque autem nihil rerum quaerat. Ut repudiandae iusto eum natus. Suscipit animi deleniti voluptatum placeat.',1,1,'1984-12-16 08:48:40'),(68,68,68,'Velit in veritatis ut rerum et. Soluta aut voluptatum nihil laboriosam. Maxime itaque dicta eius dolores iure incidunt vel quisquam. Modi voluptatem eaque occaecati incidunt.',0,1,'2000-10-14 18:33:52'),(69,69,69,'Numquam accusamus ratione commodi possimus. Quia veritatis veritatis harum iste. Est nisi natus eveniet aut.',0,0,'1998-01-23 13:35:09'),(70,70,70,'Accusamus voluptate voluptatem a. Quasi ipsum ducimus sit illum. Ratione commodi error nam et omnis placeat dignissimos.',0,1,'2013-02-08 20:57:37'),(71,71,71,'Rerum saepe rem qui dicta. Velit nobis voluptas id dolor recusandae ad fuga aut. Velit et et eum rem exercitationem.',0,1,'1974-10-12 06:12:32'),(72,72,72,'Dolor tenetur dicta unde dolores nisi adipisci qui. Totam expedita consequatur corrupti laudantium eveniet quidem repellendus. Sapiente eum error totam porro. Autem consequatur et et ut mollitia maxime.',0,1,'1976-04-10 13:23:01'),(73,73,73,'Commodi quo quo quam corrupti aut. Quaerat architecto vel esse qui minus eius eos itaque. Voluptatem cupiditate explicabo est. Ipsum et repellat totam fugit sed rem architecto.',1,0,'1988-11-22 15:39:00'),(74,74,74,'Sunt perferendis tempore veritatis. Totam odio vitae eos aut quia necessitatibus sapiente. Non aperiam veniam officia animi et sunt. Sed a architecto occaecati sunt consequuntur similique aliquid.',1,0,'1989-02-24 11:52:54'),(75,75,75,'In nostrum nihil vitae animi omnis. Ipsam consequuntur delectus aperiam. Tenetur et omnis quo velit.',0,0,'1998-07-29 13:33:32'),(76,76,76,'Molestiae dolorem voluptas voluptatibus quae. Qui consequatur quo dolores maxime qui. Quis ab ipsa temporibus animi occaecati.',0,1,'1988-12-02 17:45:28'),(77,77,77,'Nobis quaerat consectetur et iure eum perspiciatis. A vel inventore reprehenderit et voluptatem. Laboriosam repellendus totam totam ea.',0,0,'1990-10-25 02:41:45'),(78,78,78,'Iusto dicta quia ad voluptas neque. Suscipit doloremque quis aut ipsam officia id alias.',1,0,'1995-04-07 09:55:51'),(79,79,79,'Qui non ipsa molestias provident nihil assumenda dignissimos. Labore eos mollitia blanditiis aliquam aut sed et.',1,1,'2005-11-08 21:09:42'),(80,80,80,'Nemo cupiditate praesentium ut. Quasi doloremque laudantium ducimus dicta ad adipisci. Est unde sint vel voluptatem qui.',0,1,'1995-03-30 09:34:31'),(81,81,81,'Et non maxime odit rerum ipsa. Quia soluta quas voluptatem sit ratione officiis cumque. Unde quasi soluta eligendi odio harum consequatur.',0,0,'2008-11-24 19:31:42'),(82,82,82,'Velit atque inventore labore labore. Qui ab eos officia voluptatem debitis veritatis. Esse dicta delectus quia a vitae consequatur mollitia facilis.',1,1,'2019-12-28 13:15:39'),(83,83,83,'Eum voluptates ut expedita voluptas officiis voluptate. Excepturi explicabo autem enim vero et omnis. Ullam iure sed velit temporibus atque molestiae architecto.',0,0,'1994-06-28 02:42:27'),(84,84,84,'Rerum commodi voluptas repudiandae consequuntur fugiat in. Eum fuga quibusdam et facilis. Et est vitae cupiditate aperiam.',0,0,'1970-07-22 22:09:10'),(85,85,85,'Non vel quia suscipit et id ullam voluptas consequatur. Iste iusto ut exercitationem id nihil similique et dolor. Reiciendis laudantium ab aut.',0,1,'1997-09-25 21:27:27'),(86,86,86,'Alias et vitae error aut reiciendis repellat. Nihil quasi quia ea voluptatem. Totam facilis dolor qui ratione facilis rerum nisi. Quos et et omnis est occaecati.',0,1,'1982-05-31 22:33:17'),(87,87,87,'Consequuntur aspernatur illo delectus quia cupiditate atque. Quia et quo quidem aut corporis harum cum. Dolorem officiis earum minus dolor deleniti ut.',1,1,'1986-08-28 14:04:26'),(88,88,88,'Voluptatem ut rerum fugiat voluptate ipsam qui. Vero optio similique repellendus nulla. Dolorum et cumque quia culpa in.',1,0,'1995-03-21 16:39:27'),(89,89,89,'Quia in labore aut dolorem tenetur quia. Voluptatem est at aut eos et voluptas. Incidunt porro nulla saepe rerum odio. Sint voluptatibus eum sit ut enim sit.',0,0,'2007-11-12 23:49:06'),(90,90,90,'Voluptatibus neque ipsa minus aut at. Illum dolorem animi quidem quibusdam. Voluptas suscipit aut ut non maiores magnam numquam.',1,0,'1994-10-22 11:22:08'),(91,91,91,'Architecto ipsum voluptatem quod a qui non praesentium. Quis et aut recusandae praesentium saepe quia dolores. Rerum quidem consequuntur amet optio non voluptatem quo et.',1,1,'2015-02-21 05:04:27'),(92,92,92,'Incidunt est molestiae est vitae. Voluptatem provident reiciendis voluptatem illum assumenda eligendi animi. Qui dolor et itaque. Quia tenetur ipsam iste animi cum sint beatae.',0,1,'2006-09-24 01:18:53'),(93,93,93,'Eligendi magnam corrupti excepturi aut. Alias consequatur molestias aut pariatur qui. Non officiis ut explicabo voluptatem quibusdam enim reprehenderit natus. Aperiam id dicta officiis corrupti impedit accusamus enim.',0,1,'1985-04-19 16:28:33'),(94,94,94,'Culpa perferendis consequuntur non atque. Omnis eveniet voluptatibus est repellat id architecto officia et. Suscipit quibusdam aut officia vel iste vel ipsum.',0,0,'2003-08-13 12:53:38'),(95,95,95,'Eos adipisci quisquam voluptatibus maxime adipisci nesciunt odit sit. Iure excepturi maiores temporibus sed velit autem quae. Facilis amet temporibus corporis dicta velit maxime.',0,1,'2013-03-17 18:41:52'),(96,96,96,'Reprehenderit placeat voluptatibus iure quia. Repellendus in facere eos et quis qui. Aut nostrum et sed et et eius voluptatem. Quisquam animi ullam nesciunt dolorem ea ut inventore.',1,1,'2001-11-20 12:13:27'),(97,97,97,'Cum dolores architecto porro autem tempore sunt iusto accusantium. In voluptatum non at ipsa. Quia aut ullam omnis ipsam aut.',1,0,'1976-02-25 22:57:51'),(98,98,98,'Corrupti molestias minima harum accusamus cupiditate. Aut reprehenderit ut asperiores quia. Cum eaque veniam repudiandae numquam laudantium voluptatem commodi vel. Quis velit numquam nobis et nemo.',0,1,'1970-11-28 13:36:42'),(99,99,99,'Fugiat sunt voluptatem qui aliquam quo impedit. Et ea qui ab voluptatem. Praesentium consequatur voluptate alias est.',1,0,'1988-06-01 20:24:45'),(100,100,100,'Eaque ut esse eveniet aliquid. Nesciunt fugiat odio explicabo modi. Quia est nostrum voluptatem debitis voluptatem quaerat hic. Perspiciatis qui perferendis eum consequatur ipsa voluptatibus quam aliquam.',0,0,'2019-03-02 14:57:46');
/*!40000 ALTER TABLE `messages` ENABLE KEYS */;
UNLOCK TABLES;

--
-- Table structure for table `profiles`
--

DROP TABLE IF EXISTS `profiles`;
/*!40101 SET @saved_cs_client     = @@character_set_client */;
/*!50503 SET character_set_client = utf8mb4 */;
CREATE TABLE `profiles` (
  `user_id` int unsigned NOT NULL COMMENT 'Ссылка на пользователя',
  `gender` char(1) CHARACTER SET utf8 COLLATE utf8_unicode_ci NOT NULL COMMENT 'Пол',
  `birthday` date DEFAULT NULL COMMENT 'Дата рождения',
  `city` varchar(130) CHARACTER SET utf8 COLLATE utf8_unicode_ci DEFAULT NULL COMMENT 'Город проживания',
  `country` varchar(130) CHARACTER SET utf8 COLLATE utf8_unicode_ci DEFAULT NULL COMMENT 'Страна проживания',
  `created_at` datetime DEFAULT CURRENT_TIMESTAMP COMMENT 'Время создания строки',
  `updated_at` datetime DEFAULT CURRENT_TIMESTAMP ON UPDATE CURRENT_TIMESTAMP COMMENT 'Время обновления строки',
  PRIMARY KEY (`user_id`)
) ENGINE=InnoDB DEFAULT CHARSET=utf8 COLLATE=utf8_unicode_ci COMMENT='Профили';
/*!40101 SET character_set_client = @saved_cs_client */;

--
-- Dumping data for table `profiles`
--

LOCK TABLES `profiles` WRITE;
/*!40000 ALTER TABLE `profiles` DISABLE KEYS */;
INSERT INTO `profiles` VALUES (1,'','1975-06-18','East Ashleeburgh','432216921','1976-01-17 15:08:54','1989-10-29 18:21:09'),(2,'','1984-06-03','Hickleville','450','1991-06-13 08:09:40','1988-03-30 04:01:43'),(3,'','2015-06-20','Veumton','4584','1985-03-19 15:01:01','2013-02-15 10:03:08'),(4,'','1975-04-10','Connside','4095359','1992-07-25 18:53:01','1973-02-23 20:01:28'),(5,'','1975-04-05','Watsicaberg','792156','1982-03-06 12:17:34','1973-04-18 11:25:42'),(6,'','2017-07-28','Pagactown','2220799','2016-01-26 07:53:31','2018-11-01 05:50:31'),(7,'','2001-05-29','East Maryseport','17932916','1974-05-19 05:20:24','1993-08-11 09:30:54'),(8,'','2002-10-19','West Eudora','1','2018-01-05 10:32:54','1993-08-29 11:53:38'),(9,'','1999-04-20','Effertzborough','77','2008-03-20 22:20:23','2002-12-11 19:14:01'),(10,'','1987-05-20','Port Lonzoton','541784328','2012-06-19 23:24:53','1977-04-05 11:34:11'),(11,'','2006-09-04','Lake Charityberg','3','1994-02-11 07:09:30','1974-09-14 07:24:07'),(12,'','2018-10-27','Nellaborough','315993','1979-03-31 01:13:35','1972-07-17 01:16:19'),(13,'','1979-03-14','Port Elnoraberg','9072128','1989-01-27 21:26:24','2004-03-18 17:19:33'),(14,'','1980-05-05','Emiliemouth','827900563','1999-02-22 14:31:08','1987-11-30 14:02:02'),(15,'','1970-07-10','East Arthurmouth','881','1988-09-22 01:24:47','1988-04-14 00:21:46'),(16,'','1983-09-22','Dudleytown','68982','1986-09-04 12:50:13','2010-04-17 14:39:40'),(17,'','2005-08-26','Botsfordside','1','2012-12-15 09:51:30','2020-09-08 08:40:58'),(18,'','1975-01-26','Lake Robynton','4907','1993-08-07 00:27:17','1984-11-10 01:16:02'),(19,'','1982-07-13','Judeton','8','2000-07-23 20:40:27','1972-05-23 17:37:39'),(20,'','1978-04-29','New Madieside','93','1982-11-16 10:30:57','1991-05-16 21:52:08'),(21,'','1990-09-24','Kohlerborough','54082','1986-07-05 04:25:28','2007-03-12 10:10:33'),(22,'','1994-01-12','Theresiaville','530686708','1983-06-23 10:51:05','1997-05-08 20:28:50'),(23,'','1997-09-27','Tobybury','','1994-06-19 19:44:24','1998-03-21 00:09:23'),(24,'','2020-11-05','Sanfordton','90262','1976-07-21 14:29:17','1981-06-12 01:52:34'),(25,'','1991-05-05','North Carissaberg','2','2017-05-26 13:46:25','2000-03-08 20:08:16'),(26,'','1995-06-07','East Dejafurt','321968988','2003-03-14 09:59:56','2015-05-07 16:27:42'),(27,'','1973-12-05','West Aleen','9160426','1989-01-11 15:28:24','1989-11-09 11:55:16'),(28,'','1995-11-04','Reichelville','77','2009-06-01 10:18:33','2016-03-18 13:28:29'),(29,'','1975-07-03','Wolfftown','98153','2000-05-28 09:23:46','1976-11-15 11:21:57'),(30,'','1983-08-06','Ankundingstad','6003','2003-05-22 16:57:55','1970-08-14 05:41:40'),(31,'','1997-03-27','Framibury','5','2010-05-10 11:59:37','1995-07-31 05:23:29'),(32,'','1973-11-18','Schultzstad','567','1977-10-22 13:11:41','1997-04-14 16:39:00'),(33,'','1986-03-29','South Jabariport','6855152','1991-05-07 21:07:06','1989-01-26 04:47:02'),(34,'','2019-03-28','New Pierreside','7361353','1998-09-19 03:50:54','2005-05-06 13:56:11'),(35,'','2003-05-25','South Shyanne','33474892','2010-03-12 22:53:14','1984-03-06 16:40:00'),(36,'','2001-06-29','Evertfort','98','2018-12-08 02:00:29','1995-05-19 18:23:35'),(37,'','2010-09-17','Swiftport','61150084','1998-01-19 06:43:00','1983-06-22 02:09:54'),(38,'','1981-08-04','Krishaven','2137967','1972-07-29 10:05:51','1997-03-17 06:56:59'),(39,'','2002-02-22','South Pedromouth','4808','2014-07-18 08:47:50','2017-04-30 11:48:44'),(40,'','2007-07-04','North Carolyn','967','1989-12-07 03:47:15','1972-06-19 17:11:55'),(41,'','1987-01-26','Lehnershire','9','1996-12-01 01:54:49','1983-05-26 00:47:15'),(42,'','2020-07-12','Casperfort','','1998-01-24 09:31:02','1975-12-31 00:13:57'),(43,'','1972-01-10','Barrowsstad','461573126','1985-07-04 00:16:30','2008-11-10 21:09:40'),(44,'','1975-03-19','Sauerchester','72992210','2008-03-16 18:32:51','1983-12-01 20:41:16'),(45,'','1982-10-30','Lake Minnie','8261910','2000-07-04 21:16:31','1996-08-15 21:29:59'),(46,'','1987-10-20','Port Huldahaven','1559','1982-01-02 00:11:08','1993-12-03 16:04:23'),(47,'','1980-02-29','Stantonborough','1590','2006-08-26 02:29:24','1972-07-28 12:51:27'),(48,'','1979-08-12','Virginiefurt','','2001-04-20 07:39:09','1986-12-07 01:18:55'),(49,'','1978-12-29','New Jefferey','4487','2005-06-08 21:56:59','1993-04-19 08:06:48'),(50,'','2009-09-27','South Alysa','47840999','1979-03-13 13:54:11','1995-08-06 23:02:45'),(51,'','2005-07-31','Margueritetown','','1992-11-12 08:47:59','1986-07-10 19:56:21'),(52,'','2013-07-08','New Freidamouth','878503','2018-03-15 22:06:58','1975-02-19 12:40:21'),(53,'','1997-10-04','Brookehaven','819601','2003-01-04 17:21:46','1980-01-14 20:39:59'),(54,'','1991-06-11','East Carlie','','1972-08-13 03:40:07','2018-11-04 04:19:09'),(55,'','1981-01-08','Port Wilburn','605972','1970-05-09 03:02:17','2001-01-22 19:10:31'),(56,'','2002-08-14','Leschmouth','8729853','1996-11-22 01:22:59','1974-08-29 16:45:22'),(57,'','1997-12-07','Ullrichmouth','86163','2019-12-12 01:22:12','1970-02-18 23:09:47'),(58,'','2018-07-22','East Alejandrafurt','1029312','2003-04-05 19:46:03','1994-10-25 10:50:52'),(59,'','1977-10-12','East Arnefort','6292102','1995-11-25 02:06:00','2012-05-21 10:18:26'),(60,'','1979-02-18','East Jabarifurt','76351','1991-05-06 10:03:41','1993-01-23 12:21:41'),(61,'','2014-05-17','South Tessieburgh','669172','1984-05-27 22:25:37','1988-07-21 19:10:46'),(62,'','2004-12-11','New Cadefurt','843','1993-09-08 14:03:46','2005-02-02 12:34:06'),(63,'','1970-06-24','East Brady','3949','1981-05-11 15:13:23','1989-03-03 13:13:34'),(64,'','1982-12-11','Eldorahaven','78289','2015-08-06 05:10:46','2019-12-13 01:12:15'),(65,'','1995-11-22','Lake Danika','341194999','1983-08-05 00:32:43','2002-06-27 07:15:04'),(66,'','1973-08-16','South Chaim','359847179','1988-07-23 02:54:52','1979-06-14 07:43:41'),(67,'','2013-02-02','New Freemanbury','','1999-11-08 11:42:04','1990-03-26 23:57:17'),(68,'','2006-02-19','Madilynfort','','1974-03-31 18:46:01','2020-08-11 17:06:14'),(69,'','2006-08-25','Lake Freddymouth','3','1999-06-10 02:56:59','2012-04-24 17:43:39'),(70,'','1995-04-18','Port Royal','619','2009-08-19 11:09:28','1981-08-17 15:04:56'),(71,'','2007-07-22','South Darius','26106','2017-05-19 10:51:32','2012-10-07 10:35:24'),(72,'','1972-07-23','Lake Keith','8','2018-02-18 13:01:39','2016-02-20 09:01:52'),(73,'','2014-11-03','South Hattie','5115','1991-04-03 05:37:45','1973-12-01 08:01:10'),(74,'','1973-10-23','Patricktown','356365817','1970-06-27 13:28:42','2001-01-12 16:04:04'),(75,'','1991-02-17','Enricoborough','','1992-11-21 23:16:33','2006-09-10 13:59:21'),(76,'','1977-01-11','Dietrichport','8560402','1982-05-13 17:00:35','2006-09-20 09:57:13'),(77,'','1996-05-22','Lake Daxland','','1998-12-12 22:19:04','2017-03-13 22:56:49'),(78,'','1972-10-20','Aydenview','4','1993-01-02 15:21:00','2003-09-03 15:16:02'),(79,'','2001-06-21','Lake Einarside','360298','2017-09-25 03:37:27','1975-07-01 06:22:16'),(80,'','2002-08-02','Port Kacie','41133','1986-12-05 08:37:47','1985-05-05 12:03:42'),(81,'','2000-04-08','Port Callie','618','1992-08-29 11:07:46','2001-01-09 03:50:03'),(82,'','2011-04-20','Melyssamouth','2268715','1997-03-25 12:48:55','1986-09-08 21:27:00'),(83,'','1981-04-26','Sporerland','','1983-07-03 10:27:20','2020-03-01 20:46:02'),(84,'','2019-05-25','North Phoebefurt','735714','2002-03-19 12:19:36','2010-10-13 18:39:28'),(85,'','1993-04-13','Jaskolskiside','26757144','2017-11-14 15:49:06','2016-06-10 12:20:19'),(86,'','1972-02-07','East Johnnyville','13','1982-11-12 08:23:12','1978-08-16 02:16:15'),(87,'','1999-07-23','Port Patriciaborough','55598','1983-11-11 03:09:51','1972-05-16 13:36:44'),(88,'','2008-08-14','East Buck','487','2014-06-24 06:17:24','1993-12-19 10:47:54'),(89,'','1976-07-07','Hacketthaven','100','1996-11-08 18:26:24','2012-10-21 09:51:42'),(90,'','1986-05-17','East Margareteburgh','318664','1977-06-16 22:52:20','1979-08-18 04:13:28'),(91,'','1978-08-26','West Kane','9778912','1993-01-31 20:39:53','2006-12-01 16:02:29'),(92,'','2001-03-13','South Letaland','','1982-11-17 14:26:08','1994-08-17 11:07:14'),(93,'','1981-09-15','North Ashlynnborough','31','2008-02-28 20:50:14','2014-12-07 11:03:47'),(94,'','1973-06-16','Susannashire','426','1985-02-11 06:42:10','2009-01-30 07:31:46'),(95,'','1995-10-03','Lake Samantha','5','1979-03-01 18:19:25','1975-08-19 00:25:06'),(96,'','2002-01-10','Port Webster','','1977-06-19 07:44:50','2007-05-10 17:35:40'),(97,'','1995-02-17','McLaughlinmouth','750','2016-07-21 19:23:12','1992-05-07 10:38:37'),(98,'','1974-11-23','Myrtleborough','76923937','2012-01-17 14:05:21','1981-05-19 05:10:57'),(99,'','1987-05-19','Weberchester','2','1987-05-12 19:51:37','2008-12-19 17:58:49'),(100,'','2008-06-19','Greenholtshire','916890','1976-02-04 05:23:19','1983-05-18 04:29:25');
/*!40000 ALTER TABLE `profiles` ENABLE KEYS */;
UNLOCK TABLES;

--
-- Table structure for table `users`
--

DROP TABLE IF EXISTS `users`;
/*!40101 SET @saved_cs_client     = @@character_set_client */;
/*!50503 SET character_set_client = utf8mb4 */;
CREATE TABLE `users` (
  `id` int unsigned NOT NULL AUTO_INCREMENT COMMENT 'Идентификатор строки',
  `first_name` varchar(100) CHARACTER SET utf8 COLLATE utf8_unicode_ci NOT NULL COMMENT 'Имя пользователя',
  `last_name` varchar(100) CHARACTER SET utf8 COLLATE utf8_unicode_ci NOT NULL COMMENT 'Фамилия пользователя',
  `email` varchar(100) CHARACTER SET utf8 COLLATE utf8_unicode_ci NOT NULL COMMENT 'Почта',
  `phone` varchar(100) CHARACTER SET utf8 COLLATE utf8_unicode_ci NOT NULL COMMENT 'Телефон',
  `created_at` datetime DEFAULT CURRENT_TIMESTAMP COMMENT 'Время создания строки',
  `updated_at` datetime DEFAULT CURRENT_TIMESTAMP ON UPDATE CURRENT_TIMESTAMP COMMENT 'Время обновления строки',
  PRIMARY KEY (`id`),
  UNIQUE KEY `email` (`email`),
  UNIQUE KEY `phone` (`phone`)
) ENGINE=InnoDB AUTO_INCREMENT=101 DEFAULT CHARSET=utf8 COLLATE=utf8_unicode_ci COMMENT='Пользователи';
/*!40101 SET character_set_client = @saved_cs_client */;

--
-- Dumping data for table `users`
--

LOCK TABLES `users` WRITE;
/*!40000 ALTER TABLE `users` DISABLE KEYS */;
INSERT INTO `users` VALUES (1,'Garret','Boyle','kelsi.barton@example.org','(276)324-8330x684','2014-12-09 21:51:31','1985-07-09 17:39:05'),(2,'Kareem','Schneider','ernestine.johnston@example.net','07163494354','1970-02-28 08:59:29','2012-05-15 06:34:21'),(3,'Marc','Howell','agustina.waters@example.com','1-186-218-5550','1989-08-07 21:32:30','2016-06-22 05:38:01'),(4,'Oswaldo','Wolf','schaden.ari@example.com','080.518.8582x2093','1976-07-02 20:36:49','1995-12-01 18:47:46'),(5,'Kelsie','Bechtelar','jacey.olson@example.net','1-315-413-8810','2004-04-17 02:20:37','1977-12-29 03:59:54'),(6,'Petra','Beier','laila58@example.org','1-261-583-4975x55514','2011-06-07 03:11:30','1990-08-17 13:11:48'),(7,'Pinkie','Altenwerth','yasmin.sauer@example.net','516.012.9521x9955','1977-02-16 08:45:37','2014-06-19 19:49:53'),(8,'Shanon','Bogisich','fiona88@example.com','1-023-564-1163','2007-04-07 03:27:13','1985-08-13 21:19:16'),(9,'Lindsay','Grimes','stiedemann.zack@example.com','641-939-4047x21884','1997-05-13 04:49:37','1983-11-03 15:20:30'),(10,'Clark','Lockman','bailey.jaden@example.com','(776)907-9976','2003-01-18 15:18:21','2000-07-15 07:01:12'),(11,'Adelle','VonRueden','wolff.emma@example.org','1-072-060-0543x21540','1983-05-26 16:40:48','2015-03-20 08:12:04'),(12,'Aditya','Kirlin','narciso79@example.net','(144)433-7334x11969','1991-02-08 14:42:31','1979-04-11 14:31:47'),(13,'Orval','Paucek','brennon.pollich@example.com','457.014.0643','1987-06-23 09:26:42','1974-01-28 23:35:30'),(14,'Jackeline','Nicolas','sbogan@example.net','1-866-328-9929','1998-06-26 12:36:16','1986-10-11 15:40:52'),(15,'Tatum','Stehr','kenton.rosenbaum@example.com','+01(3)8478112840','1987-10-07 00:55:12','1997-07-17 01:06:42'),(16,'Tomas','Dare','tbraun@example.net','+50(1)6693340598','2019-04-22 09:13:27','2003-03-29 15:43:13'),(17,'Laurie','White','sbahringer@example.com','685-595-0432','1997-02-14 22:57:10','1970-05-04 11:07:49'),(18,'Solon','Tillman','camille.lind@example.com','683.805.5641','1993-12-15 12:15:15','1985-12-23 17:09:12'),(19,'Jovany','Marvin','inolan@example.org','828-965-8477x0597','1990-07-28 00:03:59','1998-10-24 00:10:02'),(20,'Dana','Emard','lehner.damion@example.com','+37(9)9110270215','2005-04-21 02:45:58','1986-12-12 03:24:00'),(21,'Erna','Bruen','kristofer.hahn@example.com','+75(5)9303012782','1983-10-13 04:55:20','1984-12-26 11:34:45'),(22,'Lonie','Keeling','lourdes59@example.net','118-986-2603','1972-03-10 20:02:25','2002-12-15 17:46:55'),(23,'Kadin','Kirlin','ydietrich@example.net','988-119-1381x18614','2017-03-07 10:17:26','1989-10-12 23:49:08'),(24,'Rudolph','Lowe','alta34@example.com','813.967.9456','2005-06-16 21:51:21','2003-07-08 16:39:53'),(25,'Jacey','Hagenes','emiliano.connelly@example.com','875-795-1448x975','1979-07-09 08:30:36','1999-02-16 10:14:30'),(26,'Gennaro','VonRueden','corkery.lowell@example.org','+71(8)9801018958','1992-08-17 17:09:40','1989-11-18 11:06:09'),(27,'Yazmin','Hackett','ferne60@example.com','396-241-8638x886','1994-09-07 06:58:45','1972-12-18 12:07:42'),(28,'Gerard','Blick','kiehn.vella@example.com','(866)169-3202','1996-08-13 12:18:54','1994-01-10 15:17:48'),(29,'Adolph','Rosenbaum','orin08@example.org','859.576.7676x02866','1998-05-06 03:44:33','1985-03-28 16:49:58'),(30,'Brisa','Corwin','haley.assunta@example.org','1-268-201-4272x795','1989-02-26 13:28:00','1974-08-11 15:27:22'),(31,'Demetris','Reynolds','orie.kunde@example.org','+74(9)7247410269','1982-10-03 21:31:57','1991-03-30 21:58:23'),(32,'Mckayla','Altenwerth','royce.hudson@example.net','395-245-0023x100','1981-09-07 23:25:12','1977-03-31 15:17:19'),(33,'Serenity','Lesch','danielle27@example.com','286.372.5155x496','1980-12-22 19:42:23','1972-06-25 09:54:32'),(34,'Carlotta','Stroman','jlindgren@example.com','(672)580-3784','1977-07-10 17:13:57','1998-02-15 15:47:09'),(35,'Gussie','Champlin','gillian20@example.org','333-144-8586','2011-01-30 19:52:45','2010-09-01 04:41:30'),(36,'Joany','Ryan','gertrude.sauer@example.org','1-062-652-5483x3885','2015-08-05 15:00:33','1970-03-22 22:40:25'),(37,'Tyrel','Kuhic','alvina.lynch@example.com','1-010-138-8286x95523','1974-10-01 23:56:35','1976-12-30 10:04:26'),(38,'Isabella','Lowe','brooke26@example.com','1-936-765-9472x71560','1982-01-19 18:01:14','2008-12-09 04:49:24'),(39,'Malcolm','Buckridge','jake58@example.com','09360477834','1988-04-03 03:57:21','2000-11-13 13:09:31'),(40,'Lorenza','Leuschke','mariane.white@example.com','506.704.5904x9123','2016-06-12 17:36:19','1997-08-24 14:00:03'),(41,'Catherine','Hintz','rjohnson@example.com','1-140-497-1332x3006','1996-11-07 04:57:56','1985-12-29 14:14:31'),(42,'Alysson','Hudson','annetta97@example.org','548-854-9243','2006-05-19 14:38:54','1984-05-21 19:05:36'),(43,'Reilly','Legros','crona.alexie@example.com','1-723-806-2681','1989-10-07 05:39:04','1983-02-06 21:32:16'),(44,'Cade','Stehr','luna.wuckert@example.org','860.447.7754','1980-08-14 10:12:00','2015-06-09 08:55:10'),(45,'Lindsay','Champlin','astrid.bernhard@example.org','443-361-7977','2002-02-21 06:03:31','1999-12-01 17:27:24'),(46,'Leanna','Wyman','qoberbrunner@example.com','06519512548','1973-02-20 06:08:20','1988-05-25 19:36:38'),(47,'Gia','Haag','jaylen.beer@example.net','505.390.4181','2010-03-27 19:17:44','2004-09-02 02:10:00'),(48,'Dayne','Conroy','weimann.stephon@example.com','1-730-521-7588x0425','1987-10-25 01:01:33','1991-10-28 08:06:08'),(49,'Lyla','Windler','dickinson.kyle@example.net','02594624693','2020-01-26 01:08:39','1973-04-14 10:05:28'),(50,'Margaret','Schoen','carrie97@example.net','(081)692-1045','2005-12-28 02:01:04','1993-07-29 16:25:41'),(51,'Westley','Runolfsdottir','romaine01@example.net','500-809-6510x202','1995-03-14 22:23:05','1984-09-20 12:20:27'),(52,'Rita','Kub','aklein@example.com','463.187.7807x3282','1999-12-15 00:06:01','2011-02-05 21:59:57'),(53,'Burdette','Goodwin','qrau@example.net','1-630-068-7278x643','1985-02-12 09:28:21','2015-10-08 08:44:24'),(54,'Cornelius','Ruecker','kerluke.kayleigh@example.org','+03(7)6491945375','2010-03-21 21:37:19','1977-06-10 23:27:52'),(55,'Shannon','Runte','kitty92@example.org','+42(0)0509622632','1983-04-04 09:00:02','1985-10-24 12:58:12'),(56,'Abigale','Vandervort','flatley.hannah@example.net','(249)406-0945x4606','2014-04-23 06:07:13','1998-03-18 04:21:43'),(57,'Cielo','VonRueden','vilma04@example.net','1-763-086-6719x36810','2005-10-09 09:01:32','2018-11-02 22:14:53'),(58,'Layla','Balistreri','wbarton@example.org','06976946202','1991-04-10 14:22:24','1998-11-05 16:25:22'),(59,'Freda','Nader','kunze.keely@example.net','456-574-9582','1995-10-29 21:14:29','1975-11-29 02:28:19'),(60,'Jerald','Renner','collins.rick@example.com','1-315-335-4966','1977-07-10 15:09:33','1981-07-11 19:21:36'),(61,'Lea','Beahan','grant.edward@example.org','09418613018','2019-03-15 21:08:26','1983-08-10 05:38:58'),(62,'Eve','Yost','kiley83@example.net','+12(8)0116842818','1998-03-29 13:09:40','2016-07-11 21:07:05'),(63,'Lempi','Schulist','vweissnat@example.com','(147)942-0507x3694','2004-02-03 05:52:35','1988-02-09 11:58:28'),(64,'Emmalee','Jerde','lonzo.reichel@example.net','155-267-1197','1995-03-22 19:03:26','2004-06-12 00:51:51'),(65,'Aditya','Schuppe','schmidt.carolina@example.net','033-434-8743x9293','1985-11-22 08:14:47','1971-01-02 19:04:00'),(66,'Dianna','Towne','mylene15@example.net','(613)258-6448','1987-05-22 09:07:49','1981-01-15 17:30:32'),(67,'Iva','Lakin','sratke@example.org','+86(4)9604209198','1983-03-01 04:37:40','1972-01-03 02:06:26'),(68,'Dayne','Predovic','valentin66@example.net','1-124-924-4974x78608','1995-08-05 18:04:56','1982-04-12 07:57:12'),(69,'Matilda','Cassin','ijacobson@example.com','349.114.9732x633','1974-06-25 12:27:06','2001-09-24 06:29:38'),(70,'Darrick','Zulauf','carole.schmitt@example.org','(628)053-0046x9803','1984-02-19 09:00:48','2006-09-05 06:01:23'),(71,'Madilyn','White','ckling@example.net','1-322-900-8880x42915','2018-01-16 11:21:50','2015-03-07 04:27:51'),(72,'Sister','Wilderman','jabbott@example.com','08196431601','2015-09-13 00:02:30','1998-08-11 06:42:44'),(73,'Emory','Steuber','lauriane.wyman@example.com','00575129322','1981-10-14 09:51:53','1980-10-14 09:47:10'),(74,'Brenda','Koepp','chanel78@example.com','791.222.2022x1835','2000-02-14 16:01:28','1977-01-30 04:39:25'),(75,'Reed','Murphy','nikko72@example.com','111.614.4771x44447','2015-10-14 03:12:36','1994-05-09 13:10:36'),(76,'Keegan','McClure','jeromy86@example.net','800.341.5917','1978-12-05 21:30:42','1990-05-18 17:17:45'),(77,'Pearline','Kutch','fay.andre@example.org','01188753181','1990-12-25 09:46:13','1981-08-02 23:32:47'),(78,'Geovanny','Gusikowski','ryley.gulgowski@example.net','1-243-803-1706','2019-04-15 16:21:08','1990-01-01 20:45:54'),(79,'Kristy','Hagenes','arlene69@example.org','659.114.1924','1974-04-04 18:40:05','2009-05-12 10:39:47'),(80,'Casey','Emmerich','austen.blanda@example.net','565-085-3403x983','1974-01-28 02:02:34','2001-09-11 00:33:05'),(81,'Rasheed','Ankunding','petra30@example.com','214.996.7398','2002-05-21 02:47:28','2003-07-24 19:37:02'),(82,'Vivienne','Mills','ukoss@example.com','1-519-427-3883x010','2017-10-20 06:05:39','1985-07-28 18:28:06'),(83,'Jaron','Swift','mills.mona@example.com','606.669.5845x690','1996-05-10 03:35:59','2006-04-13 09:59:20'),(84,'Aubrey','Daugherty','ewell07@example.org','(695)957-3183x950','1998-03-31 11:02:21','2006-01-20 12:09:41'),(85,'Cleveland','Murphy','jovany.runolfsdottir@example.com','663-821-5337x909','1999-03-13 12:45:32','1997-05-10 11:06:17'),(86,'Lazaro','Carter','kaleigh85@example.org','(908)484-9405x7892','2013-10-28 09:01:53','2009-10-28 02:42:23'),(87,'Karlee','Kihn','lurline.stanton@example.net','102.227.5186x71793','2017-03-22 21:36:27','2007-06-09 17:00:55'),(88,'Gilberto','Trantow','qkertzmann@example.org','09686092172','2018-12-16 13:42:31','2003-12-16 19:13:50'),(89,'Axel','Howell','feil.roman@example.org','1-954-134-8158','1971-06-03 21:24:50','2018-03-07 16:57:03'),(90,'Jett','Stroman','taya16@example.com','569.528.9618x3781','1994-06-09 11:28:41','2002-02-02 15:43:16'),(91,'Elody','Connelly','jfahey@example.org','663-729-7815x0014','1982-05-10 04:53:27','1995-02-17 00:01:58'),(92,'Melvina','Roob','lesch.aniyah@example.com','212-931-6650x197','2011-02-23 17:27:32','2006-03-03 07:13:52'),(93,'Beryl','Ward','luettgen.robert@example.net','1-556-489-5744x1782','1971-09-10 23:48:35','1984-11-14 12:14:19'),(94,'Ron','Sawayn','rtromp@example.org','(208)079-1839x866','1983-06-21 02:14:04','1995-10-04 06:07:49'),(95,'Clarabelle','Douglas','brandt.oberbrunner@example.net','04619085623','1980-10-18 08:52:48','2005-11-22 18:34:40'),(96,'Zula','Block','isai.ruecker@example.org','858.204.9717x7914','1977-03-13 12:39:41','1990-09-29 22:37:46'),(97,'Dawn','Kulas','broderick15@example.net','959-680-2890x5090','2001-12-25 13:00:17','1972-05-26 01:34:34'),(98,'Weldon','Botsford','vpfeffer@example.net','1-773-199-1182x1904','1978-10-31 14:16:57','1976-06-17 06:45:10'),(99,'Chad','Kilback','bridget.mckenzie@example.org','170-942-9250x01947','1981-05-13 15:24:34','1980-10-18 11:31:01'),(100,'Ottis','Ferry','arnoldo.o\'reilly@example.net','153-369-9838x668','2004-03-20 04:37:19','1982-02-05 18:20:33');
/*!40000 ALTER TABLE `users` ENABLE KEYS */;
UNLOCK TABLES;
/*!40103 SET TIME_ZONE=@OLD_TIME_ZONE */;

/*!40101 SET SQL_MODE=@OLD_SQL_MODE */;
/*!40014 SET FOREIGN_KEY_CHECKS=@OLD_FOREIGN_KEY_CHECKS */;
/*!40014 SET UNIQUE_CHECKS=@OLD_UNIQUE_CHECKS */;
/*!40101 SET CHARACTER_SET_CLIENT=@OLD_CHARACTER_SET_CLIENT */;
/*!40101 SET CHARACTER_SET_RESULTS=@OLD_CHARACTER_SET_RESULTS */;
/*!40101 SET COLLATION_CONNECTION=@OLD_COLLATION_CONNECTION */;
/*!40111 SET SQL_NOTES=@OLD_SQL_NOTES */;

-- Dump completed on 2020-11-11 12:49:23
